mtllib ./BigBlock1Edge1.mtl
g pb-Cube-447748
v 1.656413 1 0.007947683
v 1.656413 1 0.7386076
v 1.656413 1.11116 0.007947683
v 1.656413 1.11116 0.7386076
v 1.656413 1.11116 1.015895
v 1.656413 1 1.015895
v 1.656413 1.11116 1.085735
v 1.656413 1 1.085735
v 1.656413 0.674556 0.007947683
v 1.656413 0.674556 0.7386076
v 1.656413 0.674556 1.015895
v 1.656413 0.674556 1.085735
v 1.531696 1 1.085735
v 1.531696 1.11116 1.085735
v 1.656413 1 1.085735
v 1.656413 1.11116 1.085735
v 1.531696 0.674556 1.085735
v 1.656413 0.674556 1.085735
v 1.157908 1 1.085735
v 1.157908 1.11116 1.085735
v 1.157908 0.674556 1.085735
v 1.157908 1.11116 1.015895
v 1.175807 1.11116 0.694729
v 1.531696 1.11116 1.015895
v 1.531696 1.11116 0.7386076
v 1.175807 1.11116 0.007947683
v 1.531696 1.11116 0.007947683
v 1.157908 1.11116 1.085735
v 1.531696 1.11116 1.085735
v 1.656413 1.11116 1.085735
v 1.656413 1.11116 1.015895
v 1.656413 1.11116 0.7386076
v 1.656413 1.11116 0.007947683
v 1.175807 1 0.007947683
v 1.531696 1 0.007947683
v 1.175807 1.11116 0.007947683
v 1.531696 1.11116 0.007947683
v 1.656413 1.11116 0.007947683
v 1.656413 1 0.007947683
v 1.531696 0.674556 0.007947683
v 1.656413 0.674556 0.007947683
v 1.531696 0.674556 0.7386076
v 1.531696 0.674556 1.015895
v 1.656413 0.674556 0.7386076
v 1.656413 0.674556 1.015895
v 1.531696 0.674556 0.007947683
v 1.656413 0.674556 0.007947683
v 1.531696 0.674556 1.085735
v 1.656413 0.674556 1.085735
v 1.157908 0.674556 1.015895
v 1.157908 0.674556 1.085735
v 1.157908 -0.3430462 1.015895
v 1.157908 0.651962 1.015895
v 1.157908 -0.3430462 1.076231
v 1.157908 0.651962 1.076231
v 1.632153 0.651962 0.7386076
v 1.632153 -0.3325853 0.7386076
v 1.632153 0.6446273 1.015895
v 1.632153 -0.3430462 1.015895
v 1.632153 0.6456177 1.015895
v 1.632153 -0.3430462 1.015895
v 1.632153 0.6446273 1.076231
v 1.632153 -0.3430462 1.076231
v 1.531696 0.651962 0.7386076
v 1.531696 -0.3430462 0.7386076
v 1.632153 0.651962 0.7386076
v 1.632153 -0.3325853 0.7386076
v 1.531696 -0.3234744 1.076231
v 1.531696 0.651962 1.076231
v 1.632153 -0.3430462 1.076231
v 1.632153 0.6446273 1.076231
v 1.157908 -0.3430462 1.076231
v 1.157908 0.651962 1.076231
v 1.531696 -0.3430462 1.015895
v 1.531696 -0.3234744 1.076231
v 1.632153 -0.3430462 1.015895
v 1.632153 -0.3430462 1.076231
v 1.531696 -0.3430462 0.7386076
v 1.531696 -0.3430462 1.015895
v 1.632153 -0.3325853 0.7386076
v 1.632153 -0.3430462 1.015895
v 1.157908 -0.3430462 1.015895
v 1.157908 -0.3430462 1.076231
v 1.157908 -0.9806784 1.015895
v 1.157908 -0.384819 1.015895
v 1.157908 -0.9806784 1.079233
v 1.157908 -0.384819 1.079233
v 1.58921 -0.384819 1.015895
v 1.58921 -0.9806784 1.015895
v 1.58921 -0.384819 1.079233
v 1.58921 -0.9806784 1.079233
v 1.58921 -0.3869891 0.7386076
v 1.58921 -0.9806784 0.7386076
v 1.589209 -0.9806783 0.8772514
v 1.58921 -0.3869891 1.015895
v 1.58921 -0.9806784 1.015895
v 1.531696 -0.3869891 0.7386076
v 1.531696 -0.9806784 0.7386076
v 1.58921 -0.3869891 0.7386076
v 1.58921 -0.9806784 0.7386076
v 1.531696 -0.3869891 1.015895
v 1.531696 -0.3869891 0.7386076
v 1.58921 -0.3869891 1.015895
v 1.58921 -0.3869891 0.7386076
v 1.531696 -0.384819 1.079233
v 1.531696 -0.384819 1.015895
v 1.58921 -0.384819 1.079233
v 1.58921 -0.384819 1.015895
v 1.157908 -0.384819 1.015895
v 1.157908 -0.384819 1.079233
v 1.157908 -0.9806784 1.079233
v 1.157908 -0.384819 1.079233
v 1.344802 -0.9806783 1.079233
v 1.531696 -0.384819 1.079233
v 1.531696 -0.9806784 1.079233
v 1.58921 -0.9806784 1.079233
v 1.58921 -0.384819 1.079233
v 1.344802 -0.9806783 1.015895
v 1.157908 -0.9806784 1.015895
v 1.344802 -0.9806783 1.079233
v 1.157908 -0.9806784 1.079233
v 1.531696 -0.9806784 1.015895
v 1.531696 -0.9806784 1.079233
v 1.58921 -0.9806784 1.015895
v 1.58921 -0.9806784 1.079233
v 1.531696 -0.9806783 0.8772514
v 1.589209 -0.9806783 0.8772514
v 1.531696 -0.9806784 0.7386076
v 1.58921 -0.9806784 0.7386076
v 1.157908 -1.441796 1.015895
v 1.157908 -1.013158 1.015895
v 1.157908 -1.441796 1.083694
v 1.157908 -1.013158 1.083694
v 1.594692 -1.013158 1.015895
v 1.594692 -1.441796 1.015895
v 1.594692 -1.013158 1.083694
v 1.594692 -1.441796 1.083694
v 1.594692 -1.441796 0.7386076
v 1.594692 -1.441796 0.8772515
v 1.594692 -1.013158 0.8772514
v 1.594692 -1.013158 0.7386076
v 1.594692 -1.013158 1.015895
v 1.531696 -1.013158 0.7386076
v 1.531696 -1.441796 0.7386076
v 1.594692 -1.013158 0.7386076
v 1.594692 -1.441796 0.7386076
v 1.531696 -1.013158 0.8772514
v 1.531696 -1.013158 0.7386076
v 1.594692 -1.013158 0.8772514
v 1.594692 -1.013158 0.7386076
v 1.531696 -1.013158 1.015895
v 1.594692 -1.013158 1.015895
v 1.344802 -1.013158 1.015895
v 1.344802 -1.013158 1.083694
v 1.531696 -1.013158 1.083694
v 1.157908 -1.013158 1.015895
v 1.157908 -1.013158 1.083694
v 1.594692 -1.013158 1.083694
v 1.531696 -1.441796 1.015895
v 1.531696 -1.441796 1.083694
v 1.594692 -1.441796 1.015895
v 1.594692 -1.441796 1.083694
v 1.531696 -1.441796 0.8772515
v 1.594692 -1.441796 0.8772515
v 1.531696 -1.441796 0.7386076
v 1.594692 -1.441796 0.7386076
v 1.344802 -1.441796 1.015895
v 1.344802 -1.441796 1.083694
v 1.157908 -1.441796 1.015895
v 1.157908 -1.441796 1.083694
v 1.175807 1 -0.02760768
v 1.175807 1 -0.6556908
v 1.175807 1.085685 -0.02760768
v 1.175807 1.085685 -0.6556908
v 1.620641 1 -0.6256961
v 1.620641 1 -0.02760768
v 1.620641 1.085685 -0.6256961
v 1.620641 1.085685 -0.02760768
v 1.620641 0.674556 -0.6256961
v 1.620641 0.674556 -0.02760768
v 1.531696 0.674556 -0.6256961
v 1.531696 0.674556 -0.02760768
v 1.620641 0.674556 -0.6256961
v 1.620641 0.674556 -0.02760768
v 1.531696 1.085685 -0.6256961
v 1.531696 1 -0.6256961
v 1.620641 1.085685 -0.6256961
v 1.620641 1 -0.6256961
v 1.531696 1 -0.6256961
v 1.531696 0.674556 -0.6256961
v 1.620641 0.674556 -0.6256961
v 1.175807 1 -0.6556908
v 1.175807 1.085685 -0.6556908
v 1.531696 1.085685 -0.02760768
v 1.531696 1.085685 -0.6256961
v 1.620641 1.085685 -0.02760768
v 1.620641 1.085685 -0.6256961
v 1.175807 1.085685 -0.02760768
v 1.175807 1.085685 -0.6556908
v 1.531696 1 -0.02760768
v 1.175807 1 -0.02760768
v 1.531696 1.085685 -0.02760768
v 1.175807 1.085685 -0.02760768
v 1.620641 1 -0.02760768
v 1.620641 1.085685 -0.02760768
v 1.531696 0.674556 -0.02760768
v 1.620641 0.674556 -0.02760768
v 1.608172 1 -1
v 1.608172 1.074636 -1
v 1.608172 1 -1.032141
v 1.608172 1.074636 -1.032141
v 1.608172 0.674556 -1
v 1.608172 0.674556 -0.6606621
v 1.608172 1 -0.6606621
v 1.608172 1.074636 -0.6606621
v 1.608172 0.674556 -1.032141
v 1.531696 1.074636 -0.6606621
v 1.531696 1.074636 -1
v 1.608172 1.074636 -0.6606621
v 1.608172 1.074636 -1
v 1.175807 1.074636 -0.6941935
v 1.201984 1.074636 -1
v 1.531696 1.074636 -1.032141
v 1.201984 1.074636 -1.032141
v 1.608172 1.074636 -1.032141
v 1.531696 1.074636 -1.032141
v 1.531696 1 -1.032141
v 1.608172 1.074636 -1.032141
v 1.608172 1 -1.032141
v 1.201984 0.674556 -1.032141
v 1.531696 0.674556 -1.032141
v 1.201984 1 -1.032141
v 1.201984 1.074636 -1.032141
v 1.608172 0.674556 -1.032141
v 1.531696 1 -0.6606621
v 1.531696 1.074636 -0.6606621
v 1.608172 1 -0.6606621
v 1.608172 1.074636 -0.6606621
v 1.175807 1 -0.6941935
v 1.175807 1.074636 -0.6941935
v 1.531696 0.674556 -0.6606621
v 1.608172 0.674556 -0.6606621
v 1.175807 1 -0.6941935
v 1.201984 1 -1
v 1.175807 1.074636 -0.6941935
v 1.201984 1.074636 -1
v 1.201984 0.674556 -1
v 1.201984 1 -1.032141
v 1.201984 0.674556 -1.032141
v 1.201984 1.074636 -1.032141
v 1.531696 0.674556 -1
v 1.531696 0.674556 -0.6606621
v 1.608172 0.674556 -1
v 1.608172 0.674556 -0.6606621
v 1.531696 0.674556 -1.032141
v 1.608172 0.674556 -1.032141
v 1.201984 0.674556 -1
v 1.201984 0.674556 -1.032141
v 1.201984 0.6344811 -1
v 1.201984 0.2564811 -1
v 1.201984 0.6344811 -1.059565
v 1.201984 0.2564811 -1.059565
v 1.589254 0.2564811 -0.6606621
v 1.589254 0.6344811 -0.6606621
v 1.589254 0.2564811 -1
v 1.589254 0.6344811 -1
v 1.589254 0.2564811 -1.059565
v 1.589254 0.6344811 -1.059565
v 1.531696 0.2564811 -0.6606621
v 1.531696 0.6344811 -0.6606621
v 1.589254 0.2564811 -0.6606621
v 1.589254 0.6344811 -0.6606621
v 1.531696 0.6344811 -1.059565
v 1.531696 0.2564811 -1.059565
v 1.589254 0.6344811 -1.059565
v 1.589254 0.2564811 -1.059565
v 1.201984 0.6344811 -1.059565
v 1.201984 0.2564811 -1.059565
v 1.531696 0.2564811 -1.059565
v 1.531696 0.6344811 -1.059565
v 1.531696 0.6344811 -1
v 1.201984 0.6344811 -1
v 1.531696 0.6344811 -1.059565
v 1.201984 0.6344811 -1.059565
v 1.589254 0.6344811 -1
v 1.589254 0.6344811 -1.059565
v 1.531696 0.6344811 -0.6606621
v 1.589254 0.6344811 -0.6606621
v 1.531696 0.2564811 -1.059565
v 1.531696 0.2564811 -1
v 1.589254 0.2564811 -1.059565
v 1.589254 0.2564811 -1
v 1.201984 0.2564811 -1
v 1.201984 0.2564811 -1.059565
v 1.531696 0.2564811 -0.6606621
v 1.589254 0.2564811 -0.6606621
v 1.531696 -0.2869156 -0.6606621
v 1.531696 0.2229445 -0.6606621
v 1.611065 -0.2869156 -0.6606621
v 1.611065 0.2229445 -0.6606621
v 1.531696 0.2229445 -1.034744
v 1.531696 -0.2869156 -1.034744
v 1.611065 0.2229445 -1.034744
v 1.611065 -0.2869156 -1.034744
v 1.201984 -0.2869156 -1.034744
v 1.201984 0.2229445 -1.034744
v 1.201984 0.2229445 -1
v 1.201984 -0.2869156 -1
v 1.201984 0.2229445 -1.034744
v 1.201984 -0.2869156 -1.034744
v 1.611065 -0.2869156 -1
v 1.611065 0.2229445 -1
v 1.611065 -0.2869156 -1.034744
v 1.611065 0.2229445 -1.034744
v 1.611065 -0.2869156 -0.6606621
v 1.611065 0.2229445 -0.6606621
v 1.611065 0.2229445 -1
v 1.531696 0.2229445 -1
v 1.611065 0.2229445 -1.034744
v 1.531696 0.2229445 -1.034744
v 1.201984 0.2229445 -1
v 1.201984 0.2229445 -1.034744
v 1.531696 0.2229445 -0.6606621
v 1.611065 0.2229445 -0.6606621
v 1.531696 -0.2869156 -1
v 1.611065 -0.2869156 -1
v 1.531696 -0.2869156 -1.034744
v 1.611065 -0.2869156 -1.034744
v 1.531696 -0.2869156 -0.6606621
v 1.611065 -0.2869156 -0.6606621
v 1.201984 -0.2869156 -1
v 1.201984 -0.2869156 -1.034744
v 1.531696 -0.9527032 -0.6606621
v 1.531696 -0.3484273 -0.6606621
v 1.615304 -0.9527032 -0.6606621
v 1.615304 -0.3484273 -0.6606621
v 1.531696 -0.3524497 -1.027951
v 1.531696 -0.9527032 -1.027951
v 1.615304 -0.3484273 -1.027951
v 1.615304 -0.9527032 -1.027951
v 1.201984 -0.3484273 -1.027951
v 1.201984 -0.9527032 -1.027951
v 1.531696 -0.3484273 -1.027951
v 1.531696 -0.9527032 -1.027951
v 1.201984 -0.3484273 -1
v 1.201984 -0.9527032 -1
v 1.201984 -0.3484273 -1.027951
v 1.201984 -0.9527032 -1.027951
v 1.531696 -0.3484273 -0.6606621
v 1.531696 -0.3484273 -1
v 1.615304 -0.3484273 -0.6606621
v 1.615304 -0.3484273 -1
v 1.615304 -0.3484273 -1.027951
v 1.531696 -0.3524497 -1.027951
v 1.531696 -0.3484273 -1
v 1.201984 -0.3484273 -1
v 1.531696 -0.3484273 -1.027951
v 1.201984 -0.3484273 -1.027951
v 1.615304 -0.9527032 -0.6606621
v 1.615304 -0.3484273 -0.6606621
v 1.615304 -0.3484273 -1
v 1.615304 -0.9527032 -1
v 1.615304 -0.9527032 -1.027951
v 1.615304 -0.3484273 -1.027951
v 1.531696 -0.9527032 -1
v 1.615304 -0.9527032 -1
v 1.531696 -0.9527032 -1.027951
v 1.615304 -0.9527032 -1.027951
v 1.201984 -0.9527032 -1
v 1.201984 -0.9527032 -1.027951
v 1.531696 -0.9527032 -0.6606621
v 1.615304 -0.9527032 -0.6606621
v 1.531696 -1.471184 -0.6606621
v 1.531696 -0.9871085 -0.6606621
v 1.570433 -1.471184 -0.6606621
v 1.570433 -1.003906 -0.6606621
v 1.531696 -0.9871085 -1.042977
v 1.531696 -1.471184 -1.042977
v 1.570433 -0.9871085 -1.042977
v 1.570433 -1.471184 -1.042977
v 1.201984 -0.9871085 -1.042977
v 1.201984 -1.471184 -1.042977
v 1.201984 -0.9871085 -1
v 1.201984 -1.471184 -1
v 1.201984 -0.9871085 -1.042977
v 1.201984 -1.471184 -1.042977
v 1.570433 -0.9871085 -1
v 1.531696 -0.9871085 -1
v 1.570433 -0.9871085 -1.042977
v 1.531696 -0.9871085 -1.042977
v 1.531696 -0.9871085 -0.6606621
v 1.570433 -1.003906 -0.6606621
v 1.531696 -0.9871085 -1
v 1.201984 -0.9871085 -1
v 1.201984 -0.9871085 -1.042977
v 1.570433 -1.471184 -0.6606621
v 1.570433 -1.003906 -0.6606621
v 1.570433 -1.471184 -1
v 1.570433 -0.9871085 -1
v 1.570433 -1.471184 -1.042977
v 1.570433 -0.9871085 -1.042977
v 1.201984 -1.471184 -1
v 1.531696 -1.471184 -1
v 1.201984 -1.471184 -1.042977
v 1.531696 -1.471184 -1.042977
v 1.570433 -1.471184 -1
v 1.570433 -1.471184 -1.042977
v 1.531696 -1.471184 -0.6606621
v 1.570433 -1.471184 -0.6606621
v 0.265831 1 -1.056865
v 1.176345 1 -1.056865
v 0.265831 1.062214 -1.056865
v 1.176345 1.062214 -1.056865
v 0.265848 1 -1.056865
v 0.265848 0.674556 -1.056865
v 0.2910137 1 -1.056865
v 0.2910137 0.674556 -1.056865
v 1.176345 0.674556 -1.056865
v 1.176345 1 -1.056865
v 0.2910137 0.674556 -1
v 1.176345 0.674556 -1
v 0.2910137 0.674556 -1.056865
v 1.176345 0.674556 -1.056865
v 1.176345 1.062214 -1
v 0.265831 1.062214 -1
v 1.176345 1.062214 -1.056865
v 0.265831 1.062214 -1.056865
v 0.265848 1.062214 -0.6941935
v 0.265848 1.062214 -1
v 0.2910137 1.062214 -0.6941935
v 0.265848 1.062214 -1
v 0.265831 1.062214 -1
v 0.2910137 1.062214 -0.6941935
v 1.151589 1.062214 -0.6941935
v 0.2910137 1.062214 -0.6941935
v 1.176345 1 -1
v 1.176345 1.062214 -1
v 1.176345 1 -1.056865
v 1.176345 1.062214 -1.056865
v 1.151589 1 -0.6941935
v 1.151589 1.062214 -0.6941935
v 1.176345 0.674556 -1
v 1.176345 1 -1
v 1.176345 0.674556 -1.056865
v 0.265831 1.062214 -1
v 0.265831 1 -1
v 0.265831 1.062214 -1.056865
v 0.265831 1 -1.056865
v 0.265848 1 -1
v 0.265848 0.674556 -1
v 0.265848 1 -1.056865
v 0.265848 0.674556 -1.056865
v 0.265848 1 -0.6941935
v 0.265848 1 -1
v 0.265848 1.062214 -0.6941935
v 0.265848 1.062214 -1
v 0.2420703 1.032458 -1
v -0.3010178 1.032458 -1
v 0.2420703 1.032458 -1.036702
v -0.3010178 1.032458 -1.036702
v 0.2395832 1.032458 -1
v 0.2395832 1.032458 -0.6941935
v 0.2213377 1.032458 -1
v 0.2213377 1.032458 -0.6941935
v -0.2690104 1.032458 -0.6941935
v -0.3010178 1.032458 -1
v -0.3010178 1 -1.036702
v 0.2420703 1 -1.036702
v -0.3010178 1.032458 -1.036702
v 0.2420703 1.032458 -1.036702
v 0.2395832 0.674556 -1.036702
v 0.2395832 1 -1.036702
v 0.2213377 0.674556 -1.036702
v 0.2395832 1 -1.036702
v 0.2420703 1 -1.036702
v 0.2213377 0.674556 -1.036702
v -0.3010178 0.674556 -1.036702
v 0.2213377 0.674556 -1.036702
v -0.3010178 1 -1
v -0.3010178 1 -1.036702
v -0.3010178 1.032458 -1
v -0.3010178 1.032458 -1.036702
v -0.2690104 1 -0.6941935
v -0.3010178 1 -1
v -0.2690104 1.032458 -0.6941935
v -0.3010178 1.032458 -1
v -0.3010178 0.674556 -1
v -0.3010178 0.674556 -1.036702
v 0.2395832 0.674556 -1
v 0.2395832 1 -1
v 0.2395832 0.674556 -1.036702
v 0.2395832 1 -1.036702
v 0.2420703 1 -1.036702
v 0.2420703 1 -1
v 0.2420703 1.032458 -1.036702
v 0.2420703 1.032458 -1
v 0.2395832 1 -1
v 0.2395832 1 -0.6941935
v 0.2395832 1.032458 -1
v 0.2395832 1.032458 -0.6941935
v -1.05468 1 -0.7276676
v -1.05468 1 -1
v -1.05468 1.059414 -0.7276676
v -1.05468 1.059414 -1
v -1.05468 0.674556 -1
v -1.05468 1 -1.057904
v -1.05468 0.674556 -1.057904
v -1.05468 0.674556 -0.7276676
v -1.05468 1.059414 -1.057904
v -1 1 -0.7276676
v -1 0.674556 -0.7276676
v -1.05468 1 -0.7276676
v -1.05468 0.674556 -0.7276676
v -0.5447236 1 -0.6941935
v -0.5447236 1.059414 -0.6941935
v -1 1.059414 -0.7276676
v -0.2857342 1 -0.6941935
v -0.2857342 1.059414 -0.6941935
v -1.05468 1.059414 -0.7276676
v -1 1.059414 -1
v -1 1.059414 -0.7276676
v -1.05468 1.059414 -1
v -1.05468 1.059414 -0.7276676
v -0.5447236 1.059414 -0.6941935
v -0.3209081 1.059414 -1
v -0.2857342 1.059414 -0.6941935
v -0.3200241 1.059414 -1
v -0.3200241 1.059414 -1.057904
v -0.5813156 1.059414 -1.057904
v -1 1.059414 -1.057904
v -1.05468 1.059414 -1.057904
v -1 0.674556 -1.057904
v -1 1 -1.057904
v -1.05468 0.674556 -1.057904
v -1.05468 1 -1.057904
v -0.5813156 1 -1.057904
v -0.3200241 1 -1.057904
v -0.5813156 1.059414 -1.057904
v -0.3200241 1.059414 -1.057904
v -1 1.059414 -1.057904
v -0.5813156 0.674556 -1.057904
v -0.3200241 0.674556 -1.057904
v -1.05468 1.059414 -1.057904
v -0.3200241 1 -1.057904
v -0.3200241 1 -1
v -0.3200241 1.059414 -1.057904
v -0.3200241 1.059414 -1
v -0.3200241 1 -1
v -0.2857342 1 -0.6941935
v -0.3200241 1.059414 -1
v -0.2857342 1.059414 -0.6941935
v -0.3200241 0.674556 -1
v -0.3200241 0.674556 -1.057904
v -1 0.674556 -1
v -1 0.674556 -1.057904
v -1.05468 0.674556 -1
v -1.05468 0.674556 -1.057904
v -1 0.674556 -0.7276676
v -1.05468 0.674556 -0.7276676
v -0.5813156 0.674556 -1
v -0.3200241 0.674556 -1
v -0.5813156 0.674556 -1.057904
v -0.3200241 0.674556 -1.057904
v -0.5813156 -0.2894974 -1
v -0.5813156 0.6436012 -1
v -0.5813156 -0.2894974 -1.070285
v -0.5813156 0.6436012 -1.070285
v -1.073095 0.6436012 -1
v -1.073095 -0.2894974 -1
v -1.073095 0.6436012 -1.070285
v -1.073095 -0.2894974 -1.070285
v -1.073095 0.6436012 -0.7276676
v -1.073095 -0.2694669 -0.7484382
v -1 0.6436012 -0.7276676
v -1 -0.2894974 -0.7276676
v -1.073095 0.6436012 -0.7276676
v -1.073095 -0.2694669 -0.7484382
v -1 0.6436012 -1.070285
v -1 0.6436012 -1
v -1.073095 0.6436012 -1.070285
v -1.073095 0.6436012 -1
v -1 0.6436012 -0.7276676
v -1.073095 0.6436012 -0.7276676
v -0.5813156 0.6436012 -1
v -0.5813156 0.6436012 -1.070285
v -1 -0.2894974 -1.070285
v -1 0.6436012 -1.070285
v -1.073095 -0.2894974 -1.070285
v -1.073095 0.6436012 -1.070285
v -0.5813156 -0.2894974 -1.070285
v -0.5813156 0.6436012 -1.070285
v -1 -0.2894974 -0.7276676
v -1 -0.2894974 -1
v -1.073095 -0.2694669 -0.7484382
v -1 -0.2894974 -1
v -1 -0.2894974 -1
v -1.073095 -0.2694669 -0.7484382
v -1.073095 -0.2894974 -1.070285
v -1 -0.2894974 -1
v -1.073095 -0.2894974 -1.070285
v -1.073095 -0.2894974 -1
v -1.073095 -0.2694669 -0.7484382
v -1 -0.2894974 -1.070285
v -1 -0.2894974 -1
v -1 -0.2894974 -1.070285
v -1.073095 -0.2894974 -1.070285
v -1 -0.2894974 -1
v -1 -0.2894974 -1
v -0.5813156 -0.2894974 -1
v -0.5813156 -0.2894974 -1.070285
v -0.5813156 -0.6505653 -1
v -0.5813156 -0.3204522 -1
v -0.5813156 -0.6505653 -1.104596
v -0.5813156 -0.3204522 -1.104596
v -1.03517 -0.3204522 -1
v -1.03517 -0.6505653 -1
v -1.03517 -0.3360577 -1.104596
v -1.03517 -0.6505653 -1.104596
v -1.03517 -0.3204522 -0.8638337
v -1.03517 -0.6505653 -0.8638338
v -1.03517 -0.6420728 -0.7276676
v -1.03517 -0.3204522 -0.7276676
v -1 -0.3204522 -0.7276676
v -1 -0.6505653 -0.7276676
v -1.03517 -0.3204522 -0.7276676
v -1.03517 -0.6420728 -0.7276676
v -0.7906578 -0.3204522 -1
v -1 -0.3204522 -1
v -0.7906578 -0.3204522 -1.104596
v -1 -0.3204522 -1.104596
v -0.5813156 -0.3204522 -1
v -0.5813156 -0.3204522 -1.104596
v -1.03517 -0.3360577 -1.104596
v -1.03517 -0.3204522 -1
v -1 -0.3204522 -0.8638337
v -1.03517 -0.3204522 -0.8638337
v -1 -0.3204522 -0.7276676
v -1.03517 -0.3204522 -0.7276676
v -1 -0.6505653 -1.104596
v -1 -0.3204522 -1.104596
v -1.03517 -0.6505653 -1.104596
v -1.03517 -0.3360577 -1.104596
v -0.7906578 -0.6505653 -1.104596
v -0.5813156 -0.6505653 -1.104596
v -0.5813156 -0.3204522 -1.104596
v -0.7906578 -0.3204522 -1.104596
v -1 -0.6505653 -1
v -1 -0.6505653 -1.104596
v -1.03517 -0.6505653 -1
v -1.03517 -0.6505653 -1.104596
v -1 -0.6505653 -0.8638338
v -1.03517 -0.6505653 -0.8638338
v -1 -0.6505653 -0.7276676
v -1.03517 -0.6420728 -0.7276676
v -0.7906578 -0.6505653 -1
v -0.7906578 -0.6505653 -1.104596
v -0.5813156 -0.6505653 -1
v -0.5813156 -0.6505653 -1.104596
v -0.5813156 -0.9806783 -1
v -0.5813156 -0.6505653 -1
v -0.5813156 -0.9806783 -1.069742
v -0.5813156 -0.6505653 -1.069742
v -1.056509 -0.6505653 -1
v -1.056509 -0.9806784 -1
v -1.056509 -0.6565646 -1.069742
v -1.056509 -0.9806784 -1.069742
v -1.056509 -0.6505653 -0.8638338
v -1.056509 -0.9806783 -0.8638337
v -1.056509 -0.6505653 -0.7276676
v -1.056509 -0.9806784 -0.7276676
v -1.038967 -0.6505653 -1
v -1.038967 -0.6505653 -0.8638338
v -1.056509 -0.6505653 -1
v -1.056509 -0.6505653 -0.8638338
v -1 -0.6505653 -1
v -1 -0.6505653 -0.8638338
v -1 -0.6505653 -1.069742
v -1.038967 -0.6505653 -1.069742
v -1.056509 -0.6565646 -1.069742
v -1.038967 -0.6505653 -0.7276676
v -1.056509 -0.6505653 -0.7276676
v -1 -0.6505653 -0.7276676
v -1.038967 -0.9806784 -1.069742
v -1.038967 -0.6505653 -1.069742
v -1.056509 -0.9806784 -1.069742
v -1.056509 -0.6565646 -1.069742
v -0.5813156 -0.6505653 -1.069742
v -0.7906578 -0.6505653 -1.069742
v -0.5813156 -0.9806783 -1.069742
v -0.7906578 -0.9806783 -1.069742
v -1 -0.9806784 -1.069742
v -1 -0.6505653 -1.069742
v -1.038967 -0.9806784 -1
v -1.038967 -0.9806784 -1.069742
v -1.056509 -0.9806784 -1
v -1.056509 -0.9806784 -1.069742
v -1 -0.9806784 -1
v -1 -0.9806784 -1.069742
v -0.7906578 -0.9806783 -1
v -0.7906578 -0.9806783 -1.069742
v -0.5813156 -0.9806783 -1
v -0.5813156 -0.9806783 -1.069742
v -1 -0.9806783 -0.8638337
v -1.038967 -0.9806783 -0.8638337
v -1 -0.9806784 -0.7276676
v -1.038967 -0.9899197 -0.7276676
v -1.056509 -0.9806783 -0.8638337
v -1.056509 -0.9806784 -0.7276676
v -1.038967 -0.6505653 -0.7276676
v -1.038967 -0.9899197 -0.7276676
v -1.056509 -0.6505653 -0.7276676
v -1.056509 -0.9806784 -0.7276676
v -1 -0.6505653 -0.7276676
v -1 -0.9806784 -0.7276676
v -0.5813157 -1.603699 -1
v -0.5813156 -1.010442 -1
v -0.5813157 -1.603699 -1.059472
v -0.5813156 -1.010442 -1.059472
v -1.03496 -1.010442 -1
v -1.03496 -1.603699 -1
v -1.03496 -1.004855 -1.059472
v -1.03496 -1.603699 -1.059472
v -1.03496 -1.010442 -0.7276676
v -1.03496 -1.603699 -0.7276676
v -1.03496 -1.010442 -0.8638337
v -1.03496 -1.603699 -1
v -1.03496 -1.010442 -1
v -1 -1.010442 -0.7276676
v -1 -1.603699 -0.7276676
v -1.03496 -1.010442 -0.7276676
v -1.03496 -1.603699 -0.7276676
v -1 -1.603699 -1.073817
v -1 -1.010442 -1.059472
v -1.03496 -1.603699 -1.059472
v -1.03496 -1.004855 -1.059472
v -0.5813157 -1.603699 -1.059472
v -0.5813156 -1.010442 -1.059472
v -0.7859508 -1.015046 -1.059472
v -1 -1.603699 -1
v -1 -1.603699 -1.073817
v -1.03496 -1.603699 -1
v -1.03496 -1.603699 -1.059472
v -1 -1.603699 -0.7276676
v -1.03496 -1.603699 -0.7276676
v -1.03496 -1.603699 -1
v -0.5813157 -1.603699 -1
v -0.5813157 -1.603699 -1.059472
v -0.7906578 -1.010442 -1
v -1 -1.010442 -1
v -0.7859508 -1.015046 -1.059472
v -1 -1.010442 -1.059472
v -0.5813156 -1.010442 -1
v -0.5813156 -1.010442 -1.059472
v -1.03496 -1.004855 -1.059472
v -1.03496 -1.010442 -1
v -1 -1.010442 -1
v -1 -1.010442 -0.8638337
v -1.03496 -1.010442 -1
v -1.03496 -1.010442 -0.8638337
v -1 -1.010442 -0.7276676
v -1.03496 -1.010442 -0.7276676
v -1.052687 1 -0.02853286
v -1.052687 1 -0.688825
v -1.052687 1.05219 -0.02853286
v -1.052687 1.05219 -0.688825
v -1.052687 0.674556 -0.02853286
v -1.052687 0.674556 -0.688825
v -1.052687 1 0.007947683
v -1.052687 0.674556 0.007947683
v -1.052687 1.05219 0.007947683
v -1 1.05219 -0.688825
v -1 1.05219 -0.02853286
v -1.052687 1.05219 -0.688825
v -1.052687 1.05219 -0.02853286
v -0.5447236 1.05219 0.007947683
v -1 1.05219 0.007947683
v -0.5447236 1.05219 -0.02853286
v -0.5447236 1.05219 -0.658722
v -1.052687 1.05219 0.007947683
v -1 1 -0.688825
v -1 1.05219 -0.688825
v -1.052687 1 -0.688825
v -1.052687 1.05219 -0.688825
v -1 0.674556 -0.688825
v -1.052687 0.674556 -0.688825
v -1 1 -0.688825
v -0.5447236 1 -0.658722
v -1 1.05219 -0.688825
v -0.5447236 1.05219 -0.658722
v -1 1.05219 0.007947683
v -1 1 0.007947683
v -1.052687 1.05219 0.007947683
v -1.052687 1 0.007947683
v -0.5447236 1 0.007947683
v -0.5447236 1.05219 0.007947683
v -1 0.674556 0.007947683
v -1.052687 0.674556 0.007947683
v -0.5447236 1 0.03324312
v -0.5447236 1 0.6673374
v -0.5447236 1.03505 0.03324312
v -0.5447236 1.03505 0.6673374
v -1.066565 1 0.6294969
v -1.066565 1 0.03324312
v -1.066565 1.03505 0.6294969
v -1.066565 1.03505 0.03324312
v -1.066565 0.674556 0.6294969
v -1.066565 0.674556 0.03324312
v -1 0.674556 0.6294969
v -1 0.674556 0.03324312
v -1.066565 0.674556 0.6294969
v -1.066565 0.674556 0.03324312
v -1 1.03505 0.03324312
v -1 1.03505 0.6294969
v -1.066565 1.03505 0.03324312
v -1.066565 1.03505 0.6294969
v -0.5447236 1.03505 0.03324312
v -0.5447236 1.03505 0.6673374
v -1 1.03505 0.6294969
v -1 1 0.6294969
v -1.066565 1.03505 0.6294969
v -1.066565 1 0.6294969
v -0.5447236 1 0.6673374
v -0.5447236 1.03505 0.6673374
v -1 1 0.6294969
v -1 0.674556 0.6294969
v -1.066565 0.674556 0.6294969
v -1 1 0.03324312
v -0.5447236 1 0.03324312
v -1 1.03505 0.03324312
v -0.5447236 1.03505 0.03324312
v -1 0.674556 0.03324312
v -1.066565 0.674556 0.03324312
v -1.066565 1 0.03324312
v -1.066565 1.03505 0.03324312
v 0.2351934 1 1.059709
v -0.6213835 1 1.059709
v 0.2351934 1.061822 1.059709
v -0.6213835 1.061822 1.059709
v 0.265848 1 1.059709
v 0.265848 0.674556 1.059709
v 0.2351934 1 1.059709
v 0.2351934 0.674556 1.059709
v -0.6213835 0.674556 1.057392
v -0.6213835 1 1.059709
v 0.265848 1.067439 1.063757
v -0.6213835 1.061822 1.015895
v 0.2351934 1.061822 1.015895
v -0.6213835 1.061822 1.059709
v 0.2351934 1.061822 1.059709
v 0.265848 1.061822 1.015895
v 0.265848 1.067439 1.063757
v -0.5191492 1.061822 0.694729
v 0.2351934 1.061822 0.7006526
v 0.265848 1.061822 0.694729
v 0.265848 1.061822 1.015895
v 0.265848 1 1.015895
v 0.265848 1.067439 1.063757
v 0.265848 1 1.059576
v 0.265848 1 0.694729
v 0.265848 1.061822 0.694729
v 0.265848 1 1.015895
v 0.265848 0.674556 1.015895
v 0.265848 1 1.059709
v 0.265848 0.674556 1.059709
v 0.2351934 0.674556 1.015895
v -0.6213835 0.674556 1.015895
v 0.2351934 0.674556 1.059709
v -0.6213835 0.674556 1.057392
v 0.265848 0.674556 1.015895
v 0.265848 0.674556 1.059709
v -0.6213835 1 1.015895
v -0.6213835 1.061822 1.015895
v -0.6213835 1 1.059709
v -0.6213835 1.061822 1.059709
v -0.5191492 1 0.694729
v -0.5191492 1.061822 0.694729
v -0.6213835 0.674556 1.015895
v -0.6213835 1 1.015895
v -0.6213835 0.674556 1.057392
v -0.6213835 1 1.059709
v -0.5191492 1 0.694729
v 0.2351934 1 0.694729
v -0.5191492 1.061822 0.694729
v 0.2351934 1.061822 0.7006526
v 0.265848 1 0.694729
v 0.265848 1.061822 0.694729
v -0.5447236 1 -0.658722
v -0.5447236 1 -0.02853286
v -0.5447236 1.05219 -0.658722
v -0.5447236 1.05219 -0.02853286
v -0.5447236 1 0.007947683
v -0.5447236 1.05219 0.007947683
v 0.2213377 1 -0.6941935
v -0.2690104 1 -0.6941935
v 0.2213377 1.032458 -0.6941935
v -0.2690104 1.032458 -0.6941935
v 0.2395832 1 -0.6941935
v 0.2395832 1.032458 -0.6941935
v 0.2910137 1 -0.6941935
v 0.265848 1 -0.6941935
v 0.2910137 1.062214 -0.6941935
v 0.265848 1.062214 -0.6941935
v 1.151589 1 -0.6941935
v 1.151589 1.062214 -0.6941935
v 1.157908 1 1.015895
v 1.175807 1 0.694729
v 1.157908 1.11116 1.015895
v 1.175807 1.11116 0.694729
v 1.175807 1 0.007947683
v 1.175807 1.11116 0.007947683
v 1.157908 1 1.085735
v 1.157908 1.11116 1.085735
v 1.157908 0.674556 1.015895
v 1.157908 0.674556 1.085735
v -1 0.674556 -0.02853286
v -1 0.674556 -0.688825
v -1.052687 0.674556 -0.02853286
v -1.052687 0.674556 -0.688825
v -1 0.674556 0.007947683
v -1.052687 0.674556 0.007947683
v 1.118619 0.674556 1.015895
v 0.3056656 0.674556 1.015895
v 1.118619 0.674556 1.057725
v 0.3056656 0.674556 1.057725
v 0.3056656 1.085476 1.015895
v 1.118619 1.085476 1.015895
v 0.3056656 1.085476 1.057725
v 1.118619 1.085476 1.057725
v 0.3056656 1.085476 0.694729
v 1.134932 1.085476 0.694729
v 0.3056656 1 0.694729
v 1.134932 1 0.694729
v 0.3056656 1.085476 0.694729
v 1.134932 1.085476 0.694729
v 0.3056656 1 1.057725
v 0.3056656 1 1.015895
v 0.3056656 1.085476 1.057725
v 0.3056656 1.085476 1.015895
v 0.3056656 1 0.694729
v 0.3056656 1.085476 0.694729
v 0.3056656 0.674556 1.015895
v 0.3056656 0.674556 1.057725
v 1.118619 1 1.057725
v 0.3056656 1 1.057725
v 1.118619 1.085476 1.057725
v 0.3056656 1.085476 1.057725
v 1.118619 0.674556 1.057725
v 0.3056656 0.674556 1.057725
v 1.134932 1 0.694729
v 1.118619 1 1.015895
v 1.134932 1.085476 0.694729
v 1.118619 1.085476 1.015895
v 1.118619 1 1.015895
v 1.118619 1 1.057725
v 1.118619 1.085476 1.015895
v 1.118619 1.085476 1.057725
v 1.118619 0.674556 1.015895
v 1.118619 0.674556 1.057725
v -1 1 1.047782
v -1.030027 1 1.047782
v -1 1.044342 1.047782
v -1.030027 1.044342 1.047782
v -0.6545784 1 1.059433
v -0.6545784 1.044342 1.047782
v -0.6545784 0.674556 1.047782
v -1 0.674556 1.047782
v -1 0.4751205 1.047782
v -0.6545784 0.4751205 1.047782
v -1.030027 0.674556 1.047782
v -1 0.4751205 1.047782
v -1.030027 0.4751205 1.047782
v -1 1.044342 1.015895
v -0.6545784 1.044342 1.015895
v -1 1.044342 1.047782
v -0.6545784 1.044342 1.047782
v -1 1.044342 0.6537443
v -1.030027 1.044342 0.6537443
v -1.030027 1.044342 1.015895
v -0.5447236 1.044342 0.694729
v -1.030027 1.044342 1.047782
v -1.030027 1 1.015895
v -1.030027 1.044342 1.015895
v -1.030027 1 1.047782
v -1.030027 1.044342 1.047782
v -1.030027 1 0.6537443
v -1.030027 1.044342 0.6537443
v -1.030027 0.674556 0.6537443
v -1.030027 0.674556 1.015895
v -1.030027 0.4751205 0.6537443
v -1.030027 0.4751205 1.015895
v -1.030027 0.674556 1.047782
v -1.030027 0.4751205 1.047782
v -0.6545784 1.044342 1.015895
v -0.6545784 1 1.015895
v -0.6545784 1.044342 1.047782
v -0.6545784 1 1.059433
v -0.6545784 0.674556 1.015895
v -0.6545784 0.674556 1.047782
v -0.6545784 0.4751205 1.015895
v -0.6545784 0.4751205 1.047782
v -0.5447236 1 0.694729
v -0.5447236 1.044342 0.694729
v -1 1 0.6537443
v -0.5447236 1 0.694729
v -1 1.044342 0.6537443
v -0.5447236 1.044342 0.694729
v -1.030027 1 0.6537443
v -1.030027 1.044342 0.6537443
v -1 0.674556 0.6537443
v -1.030027 0.674556 0.6537443
v -1 0.4751205 0.6537443
v -1.030027 0.4751205 0.6537443
v -1 0.4529933 1.037453
v -1 -0.0988895 1.037453
v -1.060454 0.4529933 1.037453
v -1.060454 -0.0988895 1.037453
v -0.6545784 -0.1210167 1.045082
v -1 -0.1210167 1.037453
v -0.6545784 -0.0988895 1.047297
v -1 -0.0988895 1.037453
v -0.6545784 0.4529933 1.037453
v -0.6545784 -0.3204522 1.037453
v -1 -0.3204522 1.035749
v -1 -0.1210167 1.037453
v -1.060454 -0.1210167 1.037453
v -1.060454 -0.3204522 1.037453
v -1.060454 -0.0988895 1.015895
v -1.060454 0.4529933 1.015895
v -1.060454 -0.0988895 1.037453
v -1.060454 0.4529933 1.037453
v -1.060454 -0.3204522 1.015895
v -1.060454 -0.1210167 1.015895
v -1.060454 -0.3204522 1.037453
v -1.060454 -0.1210167 1.037453
v -1.060454 -0.0988895 0.6537443
v -1.060454 0.4529933 0.6537443
v -1.060454 -0.1210167 0.6537443
v -1.060454 -0.3204522 0.6537443
v -1 0.4529933 1.015895
v -0.6545784 0.4529933 1.015895
v -1 0.4529933 1.037453
v -0.6545784 0.4529933 1.037453
v -1 0.4529933 0.6537443
v -1.060454 0.4529933 0.6537443
v -1.060454 0.4529933 1.015895
v -1.060454 0.4529933 1.037453
v -1 -0.0988895 0.6537443
v -1 0.4529933 0.6537443
v -1.060454 -0.0988895 0.6537443
v -1.060454 0.4529933 0.6537443
v -1 -0.3204522 0.6537443
v -1 -0.1210167 0.6537443
v -1.060454 -0.3204522 0.6537443
v -1.060454 -0.1210167 0.6537443
v -0.6545784 0.4529933 1.015895
v -0.6545784 -0.0988895 1.015895
v -0.6545784 0.4529933 1.037453
v -0.6545784 -0.0988895 1.047297
v -0.6545784 -0.1210167 1.015895
v -0.6545784 -0.1210167 1.045082
v -0.6545784 -0.3204522 1.015895
v -0.6545784 -0.3204522 1.037453
v -1 -0.3204522 1.015895
v -1.060454 -0.3204522 1.015895
v -1 -0.3204522 1.03628
v -1.060454 -0.3204522 1.037495
v -0.6545784 -0.3204522 1.015895
v -1 -0.3204522 1.015895
v -0.6545784 -0.3204522 1.037453
v -1 -0.3204522 1.035749
v -1 -0.3204522 0.6537443
v -1.060454 -0.3204522 0.6537443
v -0.6545784 -0.3455935 1.015895
v -0.6545784 -0.9555371 1.015895
v -0.6545784 -0.3455935 1.05552
v -0.6545784 -0.9555371 1.05552
v -1.072501 -0.9555371 1.015895
v -1.072501 -0.3455935 1.015895
v -1.072501 -0.9478412 1.05552
v -1.072501 -0.3455935 1.05552
v -1.072501 -0.9555371 0.6537443
v -1.072501 -0.3455935 0.6537443
v -1.072501 -0.3455935 1.015895
v -1.072501 -0.9555371 1.015895
v -1 -0.9555371 0.6537443
v -1 -0.3455935 0.6537443
v -1.072501 -0.9555371 0.6537443
v -1.072501 -0.3455935 0.6537443
v -1 -0.3455935 1.05552
v -1 -0.9555371 1.05552
v -1.072501 -0.3455935 1.05552
v -1.072501 -0.9478412 1.05552
v -0.6545784 -0.3455935 1.05552
v -0.6545784 -0.9555371 1.05552
v -1 -0.3455935 1.015895
v -1 -0.3455935 1.05552
v -1.072501 -0.3455935 1.015895
v -1.072501 -0.3455935 1.05552
v -0.6545784 -0.3455935 1.015895
v -0.6545784 -0.3455935 1.05552
v -1 -0.3455935 0.6537443
v -1.072501 -0.3455935 0.6537443
v -1 -0.9555371 1.05552
v -1 -0.9555371 1.015895
v -1.072501 -0.9478412 1.05552
v -1.072501 -0.9555371 1.015895
v -1 -0.9555371 1.015895
v -1 -0.9555371 0.6537443
v -1.072501 -0.9555371 1.015895
v -1.072501 -0.9555371 0.6537443
v -0.6545784 -0.9555371 1.015895
v -0.6545784 -0.9555371 1.05552
v -1.027284 -1.078225 1.015895
v -1.027284 -0.9969606 1.015895
v -1.027284 -1.078225 1.072618
v -1.027284 -0.9806783 1.072618
v -1.027284 -1.543357 1.015895
v -1.027284 -1.543357 1.072618
v -1.027284 -0.9806783 0.6537443
v -1.027284 -1.078225 0.6537443
v -1.027284 -1.532552 0.6699383
v -1.027284 -1.543357 1.015895
v -1 -0.9806783 1.072618
v -1 -1.078225 1.072618
v -1.027284 -0.9806783 1.072618
v -1.027284 -1.078225 1.072618
v -1 -1.543357 1.072618
v -1.027284 -1.543357 1.072618
v -0.6545784 -0.9806783 1.072618
v -0.6545784 -1.078225 1.072618
v -0.6545785 -1.543357 1.092161
v -0.6545784 -0.9806783 1.015895
v -0.6545784 -1.078225 1.015895
v -0.6545784 -0.9806783 1.072618
v -0.6545784 -1.078225 1.072618
v -0.6545785 -1.543357 1.015895
v -0.6545785 -1.543357 1.092161
v -0.6545785 -1.543357 1.015895
v -1 -1.543357 1.015895
v -0.6545785 -1.543357 1.092161
v -1 -1.543357 1.072618
v -1.027284 -1.543357 1.072618
v -1.027284 -1.543357 1.015895
v -1 -1.543357 0.6537443
v -1.027284 -1.543357 1.015895
v -1.027284 -1.532552 0.6699383
v -1 -1.543357 0.6537443
v -1 -1.078225 0.6537443
v -1.027284 -1.532552 0.6699383
v -1.027284 -1.078225 0.6537443
v -1 -0.9806783 0.6537443
v -1.027284 -0.9806783 0.6537443
v -1 -0.9806783 1.015895
v -1 -0.9806783 1.072618
v -1 -0.9806783 1.072618
v -1.027284 -0.9806783 1.072618
v -1 -0.9806783 1.015895
v -0.6545784 -0.9806783 1.015895
v -0.6545784 -0.9806783 1.072618
v -1.027284 -0.9806783 0.6537443
v -1.027284 -0.9806783 1.072618
v -1.027284 -0.9806783 0.6537443
v -1 -0.9806783 0.6537443
v -1.027284 -0.9806783 0.6537443
v -1 -0.9806783 1.015895
v -1.027284 -0.9806783 0.6537443
v 0.2213377 0.674556 -1
v 0.2395832 0.674556 -1
v 0.2213377 0.674556 -1.036702
v 0.2395832 0.674556 -1.036702
v -0.3010178 0.674556 -1
v -0.3010178 0.674556 -1.036702
v 1.531696 -1.441796 1.083694
v 1.531696 -1.013158 1.083694
v 1.594692 -1.441796 1.083694
v 1.594692 -1.013158 1.083694
v 1.344802 -1.441796 1.083694
v 1.344802 -1.013158 1.083694
v 1.157908 -1.441796 1.083694
v 1.157908 -1.013158 1.083694
v 1.157908 0.651962 1.015895
v 1.531696 0.651962 1.015895
v 1.157908 0.651962 1.076231
v 1.531696 0.651962 1.076231
v 1.632153 0.6446273 1.076231
v 1.632153 0.6456177 1.015895
v 1.531696 0.651962 1.015895
v 1.531696 0.651962 0.7386076
v 1.632153 0.6446273 1.015895
v 1.632153 0.651962 0.7386076
v -1.030027 0.4751205 1.015895
v -1 0.4751205 0.6537443
v -1.030027 0.4751205 0.6537443
v -0.6545784 0.4751205 1.015895
v -0.6545784 0.4751205 1.047782
v -1.030027 0.4751205 1.047782

vn 1 -2.730374E-07 1.631529E-07
vn 1 -1.414732E-07 1.56022E-08
vn 0.9999999 0 1.631529E-07
vn 1 0 -9.275288E-08
vn 1 0 -3.434165E-07
vn 1 -2.176287E-07 -3.434165E-07
vn 1 0 0
vn 1 -3.128655E-07 0
vn 1 -1.831487E-07 8.157645E-08
vn 1 0 0
vn 1 -2.19997E-07 -1.717083E-07
vn 1 -3.662974E-07 0
vn 0 0 1
vn 0 0 1
vn 0 0 1
vn 0 0 1
vn 0 0 1
vn 0 0 1
vn 0 0 1
vn 0 0 1
vn 0 0 0.9999999
vn 0 1 0
vn 0 0.9999999 0
vn 0 1 0
vn 0 1 0
vn 0 1 0
vn 0 1 0
vn 0 1 0
vn 0 1 0
vn 0 1 0
vn 0 1 0
vn 0 1 0
vn 0 0.9999999 0
vn 0 0 -1
vn 0 0 -1
vn 0 0 -1
vn 0 0 -1
vn 0 0 -1
vn 0 0 -0.9999999
vn 0 0 -1
vn 0 0 -1
vn 0 -1 0
vn 0 -1 0
vn 0 -1 0
vn 0 -0.9999999 0
vn 0 -0.9999999 0
vn 0 -0.9999999 0
vn 0 -1 0
vn 0 -1 0
vn 0 -1 0
vn 0 -1 0
vn -1 0 0
vn -1 0 0
vn -1 0 0
vn -1 0 0
vn 1 0 0
vn 1 6.044419E-08 -2.130164E-07
vn 1 6.044419E-08 -2.130164E-07
vn 1 1.206971E-07 -4.253585E-07
vn 1 1.205762E-07 1.979212E-09
vn 1 1.206366E-07 9.901021E-10
vn 1 1.206366E-07 9.901021E-10
vn 1 1.206971E-07 0
vn 0 0 -0.9999999
vn 0 0 -0.9999999
vn 0 0 -0.9999999
vn 0 0 -0.9999999
vn 0 0 1
vn 0 0 1
vn 0 0 1
vn 0 0 1
vn 0 0 1
vn 0 0 1
vn 0 -0.9512072 0.3085531
vn 0 -0.987101 0.1600982
vn -0.09571598 -0.982569 0.1593631
vn -0.1912324 -0.9815449 0
vn 0.1035729 -0.9946219 -4.452723E-08
vn 0.05198682 -0.9984702 -0.01883398
vn 0.05198682 -0.9984702 -0.01883398
vn 0 -0.9992892 -0.03769881
vn 0.02583399 -0.9867717 0.1600447
vn 0.05228899 -0.998632 0
vn -1 0 0
vn -1 0 0
vn -1 0 0
vn -1 0 0
vn 1 0 0
vn 1 0 0
vn 1 0 0
vn 1 0 0
vn 0.9999999 -2.007941E-07 2.877459E-14
vn 1 0 8.598241E-07
vn 0.9999999 -1.505956E-07 -4.299119E-07
vn 1 -2.00794E-07 -8.598237E-07
vn 1 0 -1.719647E-06
vn 0 0 -1
vn 0 0 -1
vn 0 0 -1
vn 0 0 -1
vn 0 1 0
vn 0 1 0
vn 0 1 0
vn 0 1 0
vn 0 1 0
vn 0 1 0
vn 0 1 0
vn 0 1 0
vn 0 0.9999999 0
vn 0 0.9999999 0
vn 0 0 1
vn 0 0 1
vn 0 0 1
vn 0 0 1
vn 0 0 1
vn 0 0 1
vn 0 0 1
vn -1.063073E-07 -1 0
vn 3.189221E-07 -1 0
vn 1.063073E-07 -1 0
vn 3.189221E-07 -1 0
vn -2.438739E-07 -1 0
vn -2.438739E-07 -1 0
vn 0 -1 0
vn 0 -1 0
vn 0 -1 1.43304E-07
vn 0 -0.9999999 -1.433039E-07
vn 0 -1 4.299121E-07
vn 0 -1 4.299121E-07
vn -1 0 0
vn -1 0 0
vn -1 0 0
vn -1 0 0
vn 1 -2.781115E-07 0
vn 1 -2.781115E-07 0
vn 1 -2.781115E-07 0
vn 1 -2.781115E-07 0
vn 1 0 0
vn 1 9.270373E-08 -8.598236E-07
vn 1 9.270377E-08 -5.732159E-07
vn 1 -2.781115E-07 8.598242E-07
vn 1 -5.97817E-14 -8.598236E-07
vn 0 0 -1
vn 0 0 -1
vn 0 0 -1
vn 0 0 -1
vn 0 1 0
vn 0 1 0
vn 0 1 0
vn 0 1 0
vn 0 1 0
vn 0 1 0
vn 0 1 0
vn 0 0.9999999 0
vn 0 1 0
vn 0 0.9999999 0
vn 0 0.9999999 0
vn 0 1 0
vn 4.770471E-07 -1 0
vn 4.770471E-07 -1 0
vn 0 -1 0
vn 0 -1 0
vn 0 -0.9999999 -2.866079E-07
vn 0 -0.9999999 2.866079E-07
vn 0 -1 -8.598238E-07
vn 0 -1 -8.598238E-07
vn 2.126147E-07 -1 0
vn -2.126147E-07 -1 0
vn -6.378442E-07 -0.9999999 0
vn -6.378442E-07 -0.9999999 0
vn -1 0 -3.795972E-07
vn -1 0 -3.795972E-07
vn -1 0 -3.795972E-07
vn -1 0 -3.795972E-07
vn 1 0 -1.993172E-07
vn 1 0 -1.993172E-07
vn 1 0 -1.993172E-07
vn 1 0 -1.993172E-07
vn 1 -1.831487E-07 -9.965858E-08
vn 1 -3.662974E-07 0
vn 0 -1 0
vn 0 -1 0
vn 0 -1 0
vn 0 -1 0
vn 0.06727634 0 -0.9977343
vn 0.06727634 0 -0.9977343
vn 0 0 -1
vn 0 0 -1
vn 0 0 -0.9999999
vn 0 0 -0.9999999
vn 0 0 -0.9999999
vn 0.08398347 0 -0.9964672
vn 0.08398347 0 -0.9964672
vn 0 1 0
vn 0 1 0
vn 0 1 0
vn 0 1 0
vn 0 1 0
vn 0 1 0
vn 0 0 0.9999999
vn 0 0 1
vn 0 0 1
vn 0 0 1
vn 0 0 1
vn 0 0 1
vn 0 0 0.9999999
vn 0 0 0.9999999
vn 1 -3.024565E-07 2.998045E-07
vn 1 0 3.209048E-07
vn 0.9999999 -2.511166E-07 0
vn 0.9999999 0 0
vn 0.9999999 -1.914301E-07 1.677075E-07
vn 0.9999999 0 0
vn 1 -1.489816E-07 2.084179E-07
vn 0.9999999 0 3.512996E-07
vn 0.9999999 -3.662974E-07 0
vn 0 1 0
vn 0 1 0
vn 0 1 0
vn 0 1 0
vn 0 1 0
vn 0 1 0
vn 0 1 0
vn 0 1 0
vn 0 1 0
vn 0 0 -0.9999999
vn 0 0 -1
vn 0 0 -1
vn 0 0 -0.9999999
vn 0 0 -0.9999999
vn 0 0 -1
vn 0 0 -1
vn 0 0 -0.9999999
vn 0 0 -1
vn -0.03048862 0 0.9995351
vn -0.0773215 0 0.9970062
vn 0 0 0.9999999
vn 0 0 1
vn -0.09380344 0 0.9955907
vn -0.09380344 0 0.9955907
vn 0 0 1
vn 0 0 1
vn -0.9963564 0 -0.08528776
vn -0.9979483 0 -0.06402432
vn -0.9963564 0 -0.08528776
vn -0.9970136 0 -0.0772273
vn -0.9999999 0 0
vn -1 0 0
vn -0.9999999 0 0
vn -0.9999999 0 0
vn 0 -0.9999999 0
vn 0 -1 0
vn 0 -0.9999999 0
vn 0 -1 0
vn 0 -1 0
vn 0 -1 0
vn 0 -0.9999999 0
vn 0 -0.9999999 0
vn -0.9999999 0 0
vn -0.9999999 0 0
vn -0.9999999 0 0
vn -0.9999999 0 0
vn 1 0 3.512996E-07
vn 1 1.576842E-07 1.756498E-07
vn 1 1.576842E-07 1.756498E-07
vn 1 3.153685E-07 0
vn 0.9999999 3.153685E-07 0
vn 0.9999999 3.153685E-07 0
vn 0 0 1
vn 0 0 1
vn 0 0 1
vn 0 0 1
vn 0 0 -1
vn 0 0 -1
vn 0 0 -1
vn 0 0 -1
vn 0 0 -0.9999999
vn 0 0 -1
vn 0 0 -0.9999999
vn 0 0 -1
vn 0 1 0
vn 0 1 0
vn 0 1 0
vn 0 1 0
vn -5.177811E-07 1 5.003307E-07
vn 0 1 0
vn 0 1 0
vn 0 1 0
vn 0 -1 0
vn 0 -1 0
vn 0 -1 0
vn 0 -1 0
vn 0 -1 0
vn 0 -1 0
vn 0 -1 0
vn 0 -1 0
vn 0 0 1
vn 0 0 1
vn 0 0 1
vn 0 0 1
vn 0 0 -1
vn 0 0 -1
vn 0 0 -1
vn 0 0 -1
vn 0 0 -1
vn 0 0 -1
vn -1 0 0
vn -1 0 0
vn -1 0 0
vn -1 0 0
vn 0.9999999 0 3.186719E-07
vn 1 0 3.186719E-07
vn 1 0 0
vn 1 0 0
vn 0.9999999 0 3.512996E-07
vn 0.9999999 0 3.512996E-07
vn 0 0.9999999 0
vn 0 0.9999999 0
vn 0 1 0
vn 0 1 0
vn 0 1 0
vn 0 1 0
vn 0 1 0
vn 0 1 0
vn 0 -0.9999999 0
vn 0 -0.9999999 0
vn 0 -1 0
vn 0 -1 0
vn 0 -1 0
vn 0 -1 0
vn 0 -1 0
vn 0 -1 0
vn 0 0 1
vn 0 0 1
vn 0 0 1
vn 0 0 1
vn 0 0 -1
vn 0 0 -1
vn 0 0 -1
vn 0 0 -1
vn 0 0 -1
vn 0 0 -1
vn 0 0 -1
vn 0 0 -1
vn -1 0 0
vn -1 0 0
vn -1 0 0
vn -1 0 0
vn 0 1 0
vn -0.001830572 0.9999833 -0.005475651
vn 0 1 0
vn 0 0.9999999 0
vn -0.02398593 0.9971344 -0.07174727
vn -0.04756528 0.9886832 -0.1422784
vn 0 1 0
vn 0 1 0
vn 0 1 0
vn 0 1 0
vn 1 -9.863813E-08 1.756498E-07
vn 1 0 3.512996E-07
vn 1 -1.061446E-07 1.622826E-07
vn 1 -1.972763E-07 0
vn 1 -1.972762E-07 0
vn 1 -1.972762E-07 0
vn 0 -0.9999999 0
vn 0 -1 0
vn 0 -1 0
vn 0 -1 0
vn 0 -0.9999999 0
vn 0 -0.9999999 0
vn 0 -1 0
vn 0 -1 0
vn 0 0 1
vn 0 0 1
vn 0 0 1
vn 0 0 1
vn 0 0 -1
vn 0 0 -1
vn 0 0 -1
vn 0 0 -1
vn 0 0 -1
vn 0 0 -1
vn -1 0 0
vn -1 0 0
vn -1 0 0
vn -1 0 0
vn 0 0.9990361 0.04389406
vn 0.188933 0.9817531 0.02156735
vn 0 1 0
vn 0 1 0
vn 0.3978405 0.9174546 0
vn 0.2118322 0.9770069 0.02418137
vn 0 1 0
vn 0 1 0
vn 0 1 0
vn 1 -2.55114E-07 0
vn 1 -2.506096E-07 -6.202704E-09
vn 1 -2.503464E-07 -5.827184E-09
vn 1 -2.462615E-07 -9.726469E-09
vn 1 -2.462615E-07 0
vn 1 -2.462615E-07 0
vn 0 -1 0
vn 0 -1 0
vn 0 -1 0
vn 0 -1 0
vn 0 -0.9999999 0
vn 0 -1 0
vn 0 -1 0
vn 0 -1 0
vn 0 0 -1
vn 0 0 -1
vn 0 0 -1
vn 0 0 -1
vn 0 0 -1
vn 0 0 -1
vn 0 0 -1
vn 0 0 -1
vn 0 0 -1
vn 0 0 -1
vn 0 -1 0
vn 0 -1 0
vn 0 -1 0
vn 0 -1 0
vn 0 1 0
vn 0 1 0
vn 0 1 0
vn 0 1 0
vn 0 0.9999999 0
vn 0 1 0
vn 0 0.9999999 0
vn 0 1 0
vn 0 1 0
vn 0 0.9999999 0
vn 0 1 0
vn 0 0.9999999 0
vn 0.9976783 0 0.06810214
vn 0.9976783 0 0.06810214
vn 1 0 0
vn 1 0 0
vn 0.9967392 0 0.08068981
vn 0.9967392 0 0.08068981
vn 1 0 0
vn 1 0 0
vn 1 0 0
vn -1 0 0
vn -1 0 0
vn -1 0 0
vn -1 0 0
vn -0.9999999 0 0
vn -1 0 0
vn -1 0 0
vn -1 0 0
vn -1 0 0
vn -0.9999999 0 0
vn -1 0 0
vn -1 0 0
vn 0 1 0
vn 0 1 0
vn 0 1 0
vn 0 1 0
vn 0 1 0
vn 0 1 0
vn 0 1 0
vn 0 1 0
vn 0 1 0
vn 0 1 0
vn 0 0 -0.9999999
vn 0 0 -1
vn 0 0 -1
vn 0 0 -1
vn 0 0 -1
vn 0 0 -1
vn 0 0 -1
vn 0 0 -1
vn 0 0 -1
vn 0 0 -1
vn 0 0 -1
vn 0 0 -1
vn -1 0 0
vn -1 0 0
vn -1 0 0
vn -1 0 0
vn -0.9945672 0 0.1040968
vn -0.9945672 0 0.1040968
vn -0.9945672 0 0.1040968
vn -0.9945672 0 0.1040968
vn -1 0 0
vn -1 0 0
vn 1 0 0
vn 1 0 0
vn 1 0 0
vn 1 0 0
vn 1 0 0
vn 1 0 0
vn 1 0 0
vn 1 0 0
vn 1 0 0
vn 1 0 0
vn 1 0 0
vn 1 0 0
vn -1 0 0
vn -1 0 0
vn -1 0 0
vn -1 0 0
vn -1 0 0
vn -1 0 0
vn -1 0 0
vn -1 0 0
vn -0.9999999 0 0
vn -0.05067516 0 0.9987152
vn 0 0 1
vn 0 0 1
vn 0 0 1
vn -0.03437362 0 0.999409
vn -0.0571495 0 0.9983657
vn -0.06550007 0 0.9978526
vn 0 0 1
vn 0 0 1
vn 0 0 1
vn 0 0.9999999 0
vn 0 1 0
vn 0 1 0
vn 0 0.9999999 0
vn 0 0.9999999 0
vn 0 1 0
vn 0 1 0
vn 0 1 0
vn 0 1 0
vn 0 1 0
vn 0 0.9999999 0
vn 0 1 0
vn 0 0 -1
vn 0 0 -1
vn 0 0 -1
vn 0 0 -0.9999999
vn 0 0 -1
vn 0 0 -1
vn 0 0 -1
vn 0 0 -0.9999999
vn 0 0 -1
vn 0 0 -1
vn 0 0 -1
vn 0 0 -1
vn 1 0 0
vn 1 0 0
vn 0.9999999 0 0
vn 0.9999999 0 0
vn 0.9937721 0 -0.1114313
vn 0.9937721 0 -0.1114313
vn 0.9937721 0 -0.1114313
vn 0.9937721 0 -0.1114313
vn 1 0 0
vn 1 0 0
vn 0 -1 0
vn 0 -1 0
vn 0 -0.9999999 0
vn 0 -1 0
vn 0 -0.9999999 0
vn 0 -0.9999999 0
vn 0 -1 0
vn 0 -0.9999999 0
vn 0 -1 0
vn 0 -0.9999999 0
vn 1 0 0
vn 1 0 0
vn 1 0 0
vn 1 0 0
vn -1 0 0
vn -1 0 0
vn -1 0 0
vn -1 0 0
vn -1 0 0
vn -1 0 0
vn 0 0 1
vn -0.1421533 -0.01113574 0.989782
vn -0.1421533 -0.01113574 0.989782
vn -0.2788055 -0.02184054 0.9600992
vn 0 1 0
vn 0 1 0
vn 0 1 0
vn 0 1 0
vn 0 1 0
vn 0 1 0
vn 0 1 0
vn 0 1 0
vn 0 0 -1
vn 0 0 -1
vn 0 0 -1
vn 0 0 -1
vn 0 0 -1
vn 0 0 -1
vn -0.2642889 -0.9644436 -1.055425E-07
vn -0.109903 -0.9939424 -4.388925E-08
vn -0.1245496 -0.9916501 0.0334296
vn -0.109903 -0.9939424 -4.388925E-08
vn -0.05962163 -0.9962934 0.0620053
vn -0.1245496 -0.9916501 0.0334296
vn 0 -0.9986979 0.05101437
vn -0.05962163 -0.9962934 0.0620053
vn 0 -0.9986979 0.05101437
vn 1 0 0
vn -0.1245496 -0.9916501 0.0334296
vn -6.546622E-08 -1 0
vn 0 -1 0
vn -6.546622E-08 -1 0
vn 0 -0.9986979 0.05101437
vn 0 -1 0
vn -0.109903 -0.9939424 -4.388925E-08
vn -7.118088E-08 -1 0
vn -7.118088E-08 -1 0
vn 1 0 0
vn 1 0 0
vn 1 0 0
vn 1 0 0
vn -1 0 0
vn -0.9999999 0 0
vn -1 0 0
vn -1 0 0
vn -1 0 0
vn -1 0 0
vn -1 0 0
vn -1 0 0
vn 0 0 1
vn 0 0 0.9999999
vn 0 0 0.9999999
vn 0 0 0.9999999
vn 0 1 0
vn -0.02916566 0.9995265 -0.009806761
vn 0 1 0
vn -0.06369325 0.9979696 0
vn 0 1 0
vn 0 1 0
vn -0.2160199 0.9736834 -0.07263524
vn 0 0.999144 -0.04136613
vn 0 1 0
vn 0 1 0
vn 0 1 0
vn 0 1 0
vn 0 0 -1
vn 0 0 -1
vn 0 0 -1
vn 0 0 -1
vn 0 0 -1
vn 0 0 -1
vn 0 0 -1
vn 0 0 -1
vn 0 -1 0
vn 0 -1 0
vn 0 -1 0
vn 0 -1 0
vn -0.08021339 -0.9965624 0.020718
vn 0 -0.9997841 0.02078498
vn -0.2347241 -0.9720621 0
vn -0.1198073 -0.9923148 0.03094455
vn 0 -1 0
vn 0 -1 0
vn 0 -1 0
vn 0 -1 0
vn 1 0 0
vn 1 0 0
vn 1 0 0
vn 1 0 0
vn -1 0 0
vn -1 0 0
vn -1 0 0
vn -0.9999999 0 0
vn -1 0 0
vn -1 0 0
vn -1 0 0
vn -1 0 0
vn -0.02302708 0.9997181 -0.005791701
vn 0 1 0
vn 0 0.9998462 -0.01753538
vn 0 1 0
vn 0 1 0
vn 0 1 0
vn 0 0.9999999 0
vn -0.06271226 0.9980316 0
vn -0.1684078 0.9848069 -0.04235741
vn 0 1 0
vn 0 1 0
vn 0 1 0
vn 0 0 -1
vn 0 0 -1
vn 0 0 -1
vn 0 0 -1
vn 0 0 -1
vn 0 0 -1
vn 0 0 -1
vn 0 0 -1
vn 0 0 -0.9999999
vn 0 0 -1
vn 0 -1 2.636349E-07
vn 0 -1 0
vn 0 -1 2.162329E-07
vn 0 -0.9999999 0
vn 1.488361E-07 -1 1.663203E-07
vn 2.400417E-07 -1 0
vn 1.898157E-07 -1 0
vn 9.490784E-08 -1 0
vn 0 -1 0
vn 0 -1 0
vn 0.07878606 -0.9966365 -0.02254676
vn -0.05441811 -0.9982627 -0.02258334
vn 0.2307555 -0.9730117 -4.259209E-07
vn 0 -0.9991943 -0.04013666
vn 0 -1 1.459115E-07
vn -0.2545905 -0.9664926 -0.03279745
vn 0 0 1
vn 0 0 1
vn 0 0 1
vn 0 0 0.9999999
vn 0 0 1
vn 0 0 1
vn 1 -1.004702E-07 0
vn 1 -1.004702E-07 0
vn 1 -1.004702E-07 0
vn 1 -1.004702E-07 0
vn -1 0 0
vn -1 0 0
vn -1 0 0
vn -1 0 0
vn -1 0 0
vn -1 0 0
vn -1 0 0
vn -1 0 0
vn -1 0 0
vn 0 0 1
vn 0 0 1
vn 0 0 1
vn 0 0 1
vn -3.137461E-10 0.01650754 -0.9998638
vn -0.04999514 0.02114873 -0.9985255
vn -0.2000691 0.01178995 -0.9797108
vn 0 0 -1
vn 0.02294958 0.007978027 -0.9997048
vn 0 0 -1
vn 0.01719503 0.01213519 -0.9997784
vn 0 -1 0
vn 0 -1 0
vn 0 -1 0
vn 0 -1 0
vn 0 -1 0
vn 0 -1 0
vn 0 -1 0
vn 0 -1 0
vn 0 -1 0
vn -0.007375873 0.9986236 -0.05192667
vn 0.02064725 0.999444 -0.02617831
vn 0 0.9986709 -0.05153993
vn 0.04089274 0.9991636 0
vn 0 1 0
vn -0.01111185 0.999173 -0.03911411
vn 0.07956875 0.9957315 0.04677434
vn 0 0.9956157 0.0935378
vn 0 1 0
vn 0 1 0
vn 0 1 0
vn 0 1 0
vn 0 1 0
vn 0 1 0
vn -1 0 0
vn -1 0 0
vn -1 0 0
vn -1 0 0
vn -1 0 0
vn -1 0 0
vn -1 0 0
vn -1 0 0
vn -1 0 0
vn 0 1 0
vn 0 1 0
vn 0 1 0
vn 0 1 0
vn 0 1 0
vn 0 1 0
vn 0 0.9999999 0
vn 0 1 0
vn 0 0.9999999 0
vn 0 0 -1
vn 0 0 -1
vn 0 0 -1
vn 0 0 -1
vn 0 0 -1
vn 0 0 -1
vn 0.06597601 0 -0.9978213
vn 0.06597601 0 -0.9978213
vn 0.06597601 0 -0.9978213
vn 0.06597601 0 -0.9978213
vn 0 0 1
vn 0 0 1
vn 0 0 1
vn 0 0 1
vn 0 0 0.9999999
vn 0 0 0.9999999
vn 0 0 1
vn 0 0 1
vn 1 0 0
vn 1 0 0
vn 1 0 0
vn 1 0 0
vn -1 0 0
vn -1 0 0
vn -1 0 0
vn -1 0 0
vn -1 0 0
vn -1 0 0
vn 0 -1 0
vn 0 -1 0
vn 0 -1 0
vn 0 -1 0
vn 0 1 0
vn 0 1 0
vn 0 1 0
vn 0 1 0
vn 0 1 0
vn 0 1 0
vn -0.07232348 0 0.9973813
vn -0.07232348 0 0.9973813
vn 0 0 1
vn 0 0 1
vn -0.0828298 0 0.9965637
vn -0.0828298 0 0.9965637
vn 0 0 1
vn 0 0 1
vn 0 0 1
vn 0 0 -1
vn 0 0 -1
vn 0 0 -1
vn 0 0 -1
vn 0 0 -1
vn 0 0 -1
vn 0 0 -1
vn 0 0 -1
vn -0.0043966 -0.002180057 0.999988
vn 0 0 0.9999999
vn -0.002321275 0 0.9999973
vn 0 0 0.9999999
vn 0 -0.01030246 0.999947
vn 0 0 1
vn -0.00130598 -0.003437372 0.9999933
vn -0.002611968 0 0.9999965
vn -0.001352717 -0.003560385 0.9999927
vn 0 -0.007120642 0.9999747
vn -0.06299873 -0.03123796 0.9975246
vn 0 1 0
vn 0 1 0
vn 0 1 0
vn -0.00609962 0.9999723 -0.004267659
vn -0.01102386 0.9999096 -0.007712952
vn -0.1643068 0.9796876 -0.1149588
vn 0 1 0
vn 0 1 0
vn 0 1 0
vn 1 0 0
vn 1 0 0
vn 0.9999999 0 0
vn 1 0 0
vn 1 0 0
vn 1 0 0
vn 1 0 0
vn 0.9999999 0 0
vn 0.9999999 0 0
vn 0.9999999 0 0
vn 0 -1 0
vn 0 -1 0
vn 0 -1 0
vn 0 -1 0
vn 0 -0.9999999 0
vn 0 -0.9999999 0
vn -0.9629368 0 -0.2697275
vn -0.9629366 0 -0.2697275
vn -1 0 0
vn -1 0 0
vn -0.9528872 0 -0.3033249
vn -0.9528872 0 -0.3033249
vn -1 0 0
vn -0.9999999 0 0
vn -0.9999999 0 0
vn -0.9999999 0 0
vn 0 0 -1
vn 0.003843548 0.0488039 -0.9988011
vn 0.003921824 0.04785317 -0.9988467
vn 0 0.09182616 -0.9957751
vn -0.09606165 0.04763223 -0.994235
vn -0.1897275 0 -0.9818367
vn 1 0 0
vn 1 0 0
vn 1 0 0
vn 1 0 0
vn 1 0 0
vn 1 0 0
vn 0 0 1
vn 0 0 1
vn 0 0 1
vn 0 0 1
vn 0 0 1
vn 0 0 1
vn 0 0 0.9999999
vn 0 0 1
vn 0 0 0.9999999
vn 0 0 1
vn 0 0 1
vn 0 0 1
vn -0.9997497 0 -0.02237001
vn -0.9996375 0 -0.02692438
vn -0.9989539 0 -0.04572959
vn -0.9999442 0 -0.01056114
vn -1 0 0
vn -1 0 0
vn -1 0 0
vn -1 0 0
vn -1 0 0
vn -1 0 0
vn 0 -1 0
vn 0 -1 0
vn 0 -1 0
vn 0 -1 0
vn 0 -0.9999999 0
vn 0 -0.9999999 0
vn 0 -1 0
vn 0 -1 0
vn 0 -1 0
vn 0 -1 0
vn 0 1 0
vn 0 1 0
vn 0 1 0
vn 0 1 0
vn 0 1 0
vn 0 1 0
vn 0 0 -1
vn 0 0 -1
vn 0 0 -1
vn 0 0 -1
vn -1 0 0
vn -1 0 0
vn -1 0 0
vn -1 0 0
vn -1 0 0
vn -1 0 0
vn -0.9999999 0 0
vn -0.9999999 0 0
vn 0 0 1
vn 0 0 1
vn 0 0 1
vn 0 0 1
vn 0 0 1
vn 0 0 1
vn 0.9987127 0 0.05072487
vn 0.9987127 0 0.05072487
vn 0.9987127 0 0.05072487
vn 0.9987127 0 0.05072487
vn 1 0 0
vn 1 0 0
vn 1 0 0
vn 1 0 0
vn 0.9999999 0 0
vn 0.9999999 0 0
vn -0.02792909 0.0260889 0.9992694
vn 0 0 1
vn 0 0 1
vn 0 0 1
vn -0.01793809 0 0.9998391
vn -0.01671927 0.130242 0.9913413
vn 0 -0.01608384 0.9998707
vn -0.01187546 -0.01260444 0.99985
vn 0 0 1
vn 0 0 1
vn 0 0 1
vn 0 0 1
vn 0 0 1
vn 0 1 0
vn 0 1 0
vn 0 1 0
vn 0 1 0
vn 0 0.9999999 0
vn 0 0.9999999 0
vn 0 1 0
vn 0 1 0
vn 0 1 0
vn -1 0 0
vn -1 0 0
vn -1 0 0
vn -1 0 0
vn -0.9999999 0 0
vn -1 0 0
vn -1 0 0
vn -1 0 0
vn -1 0 0
vn -1 0 0
vn -0.9999999 0 0
vn -1 0 0
vn 0.9548444 0 0.2971063
vn 0.9782961 0 0.2072119
vn 1 0 0
vn 1 0 0
vn 1 0 0
vn 1 0 0
vn 1 0 0
vn 1 0 0
vn 0.94618 0 0.3236406
vn 0.94618 0 0.3236406
vn 0.04282777 0 -0.9990825
vn 0.089659 0 -0.9959726
vn 0.08681867 0 -0.9962242
vn 0.089659 0 -0.9959726
vn 0 0 -1
vn 0 0 -1
vn 0 0 -1
vn 0 0 -1
vn 0 0 -1
vn 0 0 -1
vn 0 0 1
vn 0 0 1
vn 0 0 1
vn 0 0 1
vn -0.01395308 -0.02741773 0.9995267
vn -0.02265917 -0.01607769 0.999614
vn -0.02824839 0.0127909 0.9995191
vn -0.01452801 0.008742508 0.9998563
vn -0.01424803 0.008917792 0.9998587
vn -0.004928683 -0.03822353 0.9992571
vn -0.009395551 -0.02054336 0.9997448
vn 0 -0.006991253 0.9999755
vn 0.01334926 -0.004046509 0.9999026
vn 0.02817116 0 0.9996032
vn -0.9999999 0 0
vn -1 0 0
vn -1 0 0
vn -1 0 0
vn -1 0 0
vn -1 0 0
vn -1 0 0
vn -1 0 0
vn -1 0 0
vn -1 0 0
vn -0.9999999 0 0
vn -1 0 0
vn 0 1 0
vn 0 1 0
vn 0 1 0
vn 0 1 0
vn 0 0.9999999 0
vn 0 0.9999999 0
vn 0 1 0
vn 0 1 0
vn 0 0 -1
vn 0 0 -1
vn 0 0 -1
vn 0 0 -1
vn 0 0 -0.9999999
vn 0 0 -1
vn 0 0 -0.9999999
vn 0 0 -1
vn 1 0 0
vn 1 0 0
vn 1 0 0
vn 1 0 0
vn 1 0 0
vn 1 0 0
vn 1 0 0
vn 1 0 0
vn 0 -1 0
vn 0 -1 0
vn 0 -1 0
vn 0 -1 0
vn 0 -1 0
vn 0 -1 0
vn 0 -1 0
vn 0 -1 0
vn 0 -0.9999999 0
vn 0 -0.9999999 0
vn 1 0 0
vn 1 0 0
vn 1 0 0
vn 1 0 0
vn -1 0 0
vn -1 0 0
vn -1 0 0
vn -1 0 0
vn -1 0 0
vn -1 0 0
vn -1 0 0
vn -1 0 0
vn 0 0 -1
vn 0 0 -1
vn 0 0 -1
vn 0 0 -1
vn 0 0 1
vn 0 0 0.9999999
vn 0 0 1
vn 0 0 0.9999999
vn 0 0 0.9999999
vn 0 0 0.9999999
vn 0 1 0
vn 0 1 0
vn 0 0.9999999 0
vn 0 0.9999999 0
vn 0 1 0
vn 0 1 0
vn 0 0.9999999 0
vn 0 0.9999999 0
vn -0.01841158 -0.9998305 0
vn -0.009205654 -0.9998158 0.01684345
vn -0.05275269 -0.9939321 0.09652081
vn 0 -0.9816566 0.1906575
vn 0 -0.9999999 0
vn 0 -0.9999999 0
vn 0 -0.9999999 0
vn 0 -0.9999999 0
vn 0 -1 0
vn 0 -1 0
vn -1 0 0
vn -1 0 0
vn -1 0 0
vn -1 0 0
vn -1 0 0
vn -1 0 0
vn -1 0 0
vn -1 0 0
vn -1 0 0
vn -1 0 0
vn 0 0 1
vn 0 0 1
vn 0 0 1
vn 0 0 1
vn -0.02620338 0.01945945 0.9994671
vn 0 0 0.9999999
vn 0 0 1
vn -0.02559041 0.01900424 0.9994919
vn -0.05643641 0.04191145 0.9975261
vn 1 0 0
vn 1 -9.027912E-08 0
vn 1 0 0
vn 1 -1.176241E-07 0
vn 1 -1.281457E-07 0
vn 1 -1.281457E-07 0
vn 0 -1 0
vn 0 -1 0
vn 0 -1 0
vn 0 -1 0
vn 0 -0.9999999 0
vn 0 -0.9999999 0
vn -0.1984883 -0.9799892 -0.0149538
vn -0.1984883 -0.9799892 -0.0149538
vn -0.3828 -0.9233809 -0.02883956
vn -0.5104028 0 -0.8599355
vn -0.2619446 -0.01536526 -0.9649606
vn -0.2875316 -0.01686615 -0.9576226
vn 0 -0.02492828 -0.9996892
vn 0 0 -1
vn 0 0 -1
vn 0 0.9999999 0
vn 0 1 0
vn 0 1 0
vn -0.4652493 0.8851797 0
vn 0 0.9999999 0
vn 0 1 0
vn 0 1 0
vn -0.5124573 0.8587128 0
vn -0.4652493 0.8851797 0
vn -0.5124573 0.8587128 0
vn 0 1 0
vn 0 1 0
vn 0 0 0
vn 0 1 0
vn 0 -1 0
vn 0 -1 0
vn 0 -1 0
vn 0 -1 0
vn 0 -0.9999999 0
vn 0 -0.9999999 0
vn 0 0 1
vn 0 0 1
vn 0 0 1
vn 0 0 1
vn 0 0 1
vn 0 0 1
vn 0 0 1
vn 0 0 1
vn 0 1 0
vn 0.01442038 0.9998944 0.001738328
vn 0 1 0
vn 0.01546423 0.9998804 0
vn 0.06792466 0.9976569 0.008188086
vn 0.06302071 0.9978778 0.0163798
vn 0.07281978 0.9973451 0
vn 0.03647933 0.9992471 0.01321585
vn 0.03647933 0.9992471 0.01321585
vn 0 0.9996503 0.02644237
vn 0 -1 0
vn 0 -1 0
vn 0 -0.9999999 0
vn 0 -1 0
vn 0 -1 0
vn 0 -1 0

vt 0.6454468 0.5495067
vt 0.5269886 0.5495067
vt 0.6454468 0.5675285
vt 0.5269886 0.5675285
vt 0.4820334 0.5675285
vt 0.4820334 0.5495067
vt 0.4707106 0.5675285
vt 0.4707106 0.5495067
vt 0.6454468 0.4967442
vt 0.5269886 0.4967442
vt 0.4820334 0.4967442
vt 0.4707106 0.4967442
vt 0.4504909 0.5495067
vt 0.4504909 0.5675285
vt 0.4707106 0.5495067
vt 0.4707106 0.5675285
vt 0.4504909 0.4967442
vt 0.4707106 0.4967442
vt 0.3898905 0.5495067
vt 0.3898905 0.5675285
vt 0.3898905 0.4967442
vt 0.3898905 0.5788513
vt 0.3927924 0.6309205
vt 0.4504908 0.5788513
vt 0.4504908 0.6238066
vt 0.3927924 0.7422649
vt 0.4504908 0.7422647
vt 0.3898905 0.5675285
vt 0.4504908 0.5675285
vt 0.4707106 0.5675285
vt 0.4707106 0.5788513
vt 0.4707106 0.6238066
vt 0.4707106 0.7422647
vt 0.723365 0.5495067
vt 0.6656665 0.5495067
vt 0.723365 0.5675285
vt 0.6656665 0.5675285
vt 0.6454468 0.5675285
vt 0.6454468 0.5495067
vt 0.6656665 0.4967442
vt 0.6454468 0.4967442
vt 0.5269886 0.4765244
vt 0.4820333 0.4765244
vt 0.5269886 0.4967442
vt 0.4820333 0.4967442
vt 0.6454468 0.4765244
vt 0.6454468 0.4967442
vt 0.4707105 0.4765244
vt 0.4707105 0.4967442
vt 0.4820333 0.415924
vt 0.4707105 0.415924
vt 0.07343526 0.5866737
vt 0.07343526 0.7479894
vt 0.08321718 0.5866737
vt 0.08321727 0.7479894
vt 0.2148413 0.7479894
vt 0.2148413 0.5866737
vt 0.1698861 0.7479894
vt 0.1698861 0.5866737
vt 0.1698861 0.7479894
vt 0.1698861 0.5866737
vt 0.1601041 0.7479894
vt 0.1601042 0.5866737
vt 0.2311279 0.7479894
vt 0.2311279 0.5866737
vt 0.2148413 0.7479894
vt 0.2148413 0.5866737
vt 0.1438176 0.5866737
vt 0.1438176 0.7479894
vt 0.1601042 0.5866737
vt 0.1601041 0.7479894
vt 0.08321718 0.5866737
vt 0.08321723 0.7479894
vt 0.1438177 0.5768918
vt 0.1438176 0.5866737
vt 0.1601042 0.5768918
vt 0.1601042 0.5866737
vt 0.1438176 0.5319366
vt 0.1438177 0.5768918
vt 0.1601042 0.5319366
vt 0.1601042 0.5768918
vt 0.08321718 0.5768918
vt 0.08321718 0.5866737
vt 0.2168003 0.7691761
vt 0.2168003 0.8657798
vt 0.2270688 0.7691761
vt 0.2270688 0.8657798
vt 0.3072622 0.8657798
vt 0.3072622 0.7691761
vt 0.2969936 0.8657798
vt 0.2969936 0.7691761
vt 0.3522174 0.8654279
vt 0.3522174 0.7691761
vt 0.3297398 0.7691761
vt 0.3072622 0.8654279
vt 0.3072622 0.7691761
vt 0.3615418 0.8654279
vt 0.3615418 0.7691761
vt 0.3522174 0.8654279
vt 0.3522174 0.7691761
vt 0.2876693 0.8760483
vt 0.2876692 0.9210035
vt 0.2969936 0.8760483
vt 0.2969936 0.9210035
vt 0.2876693 0.8657798
vt 0.2876693 0.8760483
vt 0.2969936 0.8657798
vt 0.2969936 0.8760483
vt 0.2270689 0.8760483
vt 0.2270689 0.8657798
vt 0.2270689 0.7691761
vt 0.2270689 0.8657798
vt 0.257369 0.7691761
vt 0.2876693 0.8657798
vt 0.2876693 0.7691761
vt 0.2969936 0.7691761
vt 0.2969936 0.8657798
vt 0.257369 0.7589076
vt 0.2270689 0.7589076
vt 0.257369 0.7691761
vt 0.2270689 0.7691761
vt 0.2876693 0.7589076
vt 0.2876693 0.7691761
vt 0.2969936 0.7589076
vt 0.2969936 0.7691761
vt 0.2876692 0.7364299
vt 0.2969936 0.7364299
vt 0.2876692 0.7139523
vt 0.2969936 0.7139523
vt 0.7459846 0.7070697
vt 0.7459846 0.7765628
vt 0.7569764 0.7070697
vt 0.7569764 0.7765628
vt 0.8387819 0.7765626
vt 0.8387819 0.7070697
vt 0.82779 0.7765628
vt 0.82779 0.7070697
vt 0.883737 0.7070697
vt 0.8612595 0.7070697
vt 0.8612595 0.7765628
vt 0.883737 0.7765628
vt 0.8387819 0.7765628
vt 0.8939503 0.7765628
vt 0.8939503 0.7070697
vt 0.883737 0.7765628
vt 0.883737 0.7070697
vt 0.8612595 0.7867759
vt 0.883737 0.7867759
vt 0.8612595 0.7765628
vt 0.883737 0.7765628
vt 0.8387819 0.7867759
vt 0.8387819 0.7765626
vt 0.8387819 0.8170761
vt 0.8277899 0.8170761
vt 0.8277899 0.7867759
vt 0.8387819 0.8473763
vt 0.8277899 0.8473763
vt 0.82779 0.7765626
vt 0.8387819 0.6968566
vt 0.8277899 0.6968566
vt 0.8387819 0.7070697
vt 0.82779 0.7070697
vt 0.8612595 0.6968566
vt 0.8612595 0.7070697
vt 0.883737 0.6968564
vt 0.883737 0.7070697
vt 0.8387819 0.6665563
vt 0.8277899 0.6665563
vt 0.8387819 0.6362561
vt 0.8277899 0.6362561
vt 0.7210581 0.4476212
vt 0.822886 0.4476212
vt 0.7210581 0.4337296
vt 0.822886 0.4337296
vt 0.8180231 0.3477193
vt 0.7210581 0.3477193
vt 0.8180231 0.3616109
vt 0.7210581 0.3616109
vt 0.8180231 0.2949567
vt 0.7210581 0.2949567
vt 0.8180231 0.2805366
vt 0.721058 0.2805366
vt 0.8180231 0.2949567
vt 0.721058 0.2949567
vt 0.8324376 0.3616109
vt 0.8324376 0.3477193
vt 0.8180231 0.3616109
vt 0.8180231 0.3477193
vt 0.8324376 0.3477193
vt 0.8324376 0.2949568
vt 0.8180231 0.2949568
vt 0.8902496 0.3477193
vt 0.8902496 0.3616109
vt 0.721058 0.3760311
vt 0.8180231 0.3760311
vt 0.721058 0.3616109
vt 0.8180231 0.3616109
vt 0.7210581 0.4337296
vt 0.822886 0.4337295
vt 0.7071664 0.3760311
vt 0.7071664 0.4337296
vt 0.721058 0.3760311
vt 0.721058 0.4337296
vt 0.7071664 0.3616109
vt 0.721058 0.3616109
vt 0.6544037 0.3760311
vt 0.6544037 0.3616109
vt 0.4204091 0.3121576
vt 0.4204091 0.324258
vt 0.4256199 0.3121576
vt 0.4256199 0.324258
vt 0.4204091 0.259395
vt 0.3653939 0.259395
vt 0.3653939 0.3121576
vt 0.3653939 0.324258
vt 0.4256199 0.259395
vt 0.3653935 0.3366567
vt 0.4204091 0.3366567
vt 0.3653935 0.324258
vt 0.4204091 0.324258
vt 0.3708298 0.3943556
vt 0.4204091 0.3901117
vt 0.4256199 0.3366567
vt 0.4256199 0.3901117
vt 0.4256199 0.324258
vt 0.4380185 0.324258
vt 0.4380185 0.3121576
vt 0.4256199 0.324258
vt 0.4256199 0.3121576
vt 0.491473 0.259395
vt 0.4380185 0.259395
vt 0.491473 0.3121576
vt 0.491473 0.324258
vt 0.4256199 0.259395
vt 0.3530014 0.3121576
vt 0.3530014 0.324258
vt 0.3653939 0.3121576
vt 0.3653939 0.324258
vt 0.2951611 0.3121576
vt 0.2951611 0.324258
vt 0.3530014 0.259395
vt 0.3653939 0.259395
vt 0.5463611 0.3121576
vt 0.4966816 0.3121576
vt 0.5463611 0.324258
vt 0.4966816 0.324258
vt 0.4966816 0.259395
vt 0.491473 0.3121576
vt 0.491473 0.259395
vt 0.491473 0.324258
vt 0.4380185 0.2541842
vt 0.4380185 0.1991691
vt 0.4256199 0.2541842
vt 0.4256199 0.1991691
vt 0.4380185 0.259395
vt 0.4256199 0.259395
vt 0.491473 0.2541842
vt 0.491473 0.259395
vt 0.3817695 0.6935572
vt 0.3817695 0.632274
vt 0.3735124 0.6951255
vt 0.3735124 0.6338422
vt 0.2465208 0.634365
vt 0.2465208 0.6956482
vt 0.3015359 0.634365
vt 0.3015359 0.6956482
vt 0.3111929 0.634365
vt 0.3111929 0.6956482
vt 0.2371892 0.634365
vt 0.2371892 0.6956482
vt 0.2465208 0.634365
vt 0.2465208 0.6956482
vt 0.3205245 0.6956482
vt 0.3205245 0.634365
vt 0.3111929 0.6956482
vt 0.3111929 0.634365
vt 0.3735124 0.6951255
vt 0.3735124 0.6338422
vt 0.3205245 0.634365
vt 0.3205245 0.6956482
vt 0.3015359 0.7049797
vt 0.3015359 0.7584342
vt 0.3111929 0.7049798
vt 0.3111929 0.7584342
vt 0.3015359 0.6956482
vt 0.3111929 0.6956482
vt 0.2465208 0.7049798
vt 0.2465208 0.6956482
vt 0.3111929 0.6250333
vt 0.3015359 0.6250333
vt 0.3111929 0.634365
vt 0.3015359 0.634365
vt 0.3015359 0.5715788
vt 0.3111929 0.5715788
vt 0.2465208 0.6250333
vt 0.2465208 0.634365
vt 0.0647645 0.8293645
vt 0.0647645 0.9120256
vt 0.07763225 0.8293645
vt 0.07763225 0.9120256
vt 0.1511478 0.9120256
vt 0.1511478 0.8293645
vt 0.1382801 0.9120256
vt 0.1382801 0.8293645
vt 0.2046024 0.8293645
vt 0.2046024 0.9120256
vt 0.2102352 0.9120256
vt 0.2102352 0.8293645
vt 0.2046024 0.9120256
vt 0.2046024 0.8293645
vt 0.1326473 0.8293645
vt 0.1326473 0.9120256
vt 0.1382801 0.8293645
vt 0.1382801 0.9120256
vt 0.0776322 0.8293645
vt 0.0776322 0.9120256
vt 0.1326474 0.9120256
vt 0.1326474 0.9248933
vt 0.1382802 0.9120256
vt 0.1382802 0.9248933
vt 0.1326474 0.9783478
vt 0.1382802 0.9783478
vt 0.07763225 0.9248933
vt 0.07763225 0.9120256
vt 0.1326474 0.8164968
vt 0.1326474 0.8293645
vt 0.1382802 0.8164968
vt 0.1382802 0.8293645
vt 0.07763225 0.8164968
vt 0.07763225 0.8293645
vt 0.1326474 0.7630423
vt 0.1382802 0.7630423
vt 0 0.4153543
vt 0 0.5133224
vt 0.01355495 0.4153543
vt 0.01355495 0.5133224
vt 0.08665659 0.5133224
vt 0.08665662 0.4153543
vt 0.07310163 0.5133224
vt 0.07310168 0.4153543
vt 0.1401111 0.5133224
vt 0.1401111 0.4153543
vt 0.08665659 0.5133224
vt 0.08665662 0.4153543
vt 0.1446427 0.5133224
vt 0.1446427 0.4153543
vt 0.1401111 0.5133224
vt 0.1401111 0.4153543
vt 0.01355499 0.5268773
vt 0.0685701 0.5268773
vt 0.01355499 0.5133224
vt 0.0685701 0.5133224
vt 0.07310168 0.5133224
vt 0.07310168 0.5268773
vt 0.0685701 0.5268773
vt 0.0685701 0.5803318
vt 0.07310168 0.5268773
vt 0.07310168 0.5803318
vt 0.01355495 0.4153543
vt 0.01355495 0.5133224
vt 0.0685701 0.5133224
vt 0.0685701 0.4153543
vt 0.07310163 0.4153543
vt 0.07310168 0.5133224
vt 0.0685701 0.4017994
vt 0.0685701 0.4153543
vt 0.07310163 0.4017994
vt 0.07310163 0.4153543
vt 0.0685701 0.3483448
vt 0.07310163 0.3483448
vt 0.01355495 0.4017994
vt 0.01355495 0.4153543
vt 0.4359939 0.06426892
vt 0.4359939 0.1427497
vt 0.4422741 0.06426892
vt 0.4422741 0.1427497
vt 0.510537 0.1427497
vt 0.510537 0.06426892
vt 0.5042568 0.1427497
vt 0.5042568 0.06426892
vt 0.5639915 0.1427497
vt 0.5639915 0.06426892
vt 0.5709592 0.1427497
vt 0.5709592 0.06426892
vt 0.5639915 0.1427497
vt 0.5639915 0.06426892
vt 0.4972892 0.1427497
vt 0.4972892 0.1490298
vt 0.5042568 0.1427497
vt 0.5042568 0.1490298
vt 0.442274 0.1490298
vt 0.442274 0.1427497
vt 0.4972892 0.1490298
vt 0.4972892 0.2024843
vt 0.5042568 0.2024843
vt 0.4422741 0.06426892
vt 0.4422741 0.1427497
vt 0.4972892 0.06426892
vt 0.4972892 0.1427497
vt 0.5042568 0.06426892
vt 0.5042568 0.1427497
vt 0.4972892 0.004534219
vt 0.4972892 0.05798874
vt 0.5042568 0.004534219
vt 0.5042568 0.05798874
vt 0.4972892 0.06426892
vt 0.5042568 0.06426892
vt 0.4422741 0.05798874
vt 0.4422741 0.06426892
vt 0.5150009 0.8640044
vt 0.3673838 0.8640044
vt 0.5150009 0.8740909
vt 0.3673838 0.8740909
vt 0.5149981 0.8640044
vt 0.5149981 0.8112419
vt 0.5109181 0.8640044
vt 0.5109181 0.8112419
vt 0.3673838 0.8112419
vt 0.3673838 0.8640044
vt 0.5109181 0.8020226
vt 0.3673839 0.8020226
vt 0.5109181 0.8112419
vt 0.3673839 0.8112419
vt 0.3673838 0.8833103
vt 0.5149995 0.8833103
vt 0.3673838 0.8740909
vt 0.5150009 0.8740909
vt 0.5149981 0.9328891
vt 0.5149995 0.8833103
vt 0.5109181 0.9328891
vt 0.5149995 0.8833103
vt 0.5149995 0.8833103
vt 0.5109181 0.9328891
vt 0.3713975 0.9328891
vt 0.5109181 0.9328891
vt 0.3572937 0.8833103
vt 0.3673838 0.8833103
vt 0.3572937 0.8740909
vt 0.3673838 0.8740909
vt 0.3572937 0.932997
vt 0.3673838 0.932997
vt 0.3045121 0.8833103
vt 0.3572937 0.8833103
vt 0.3045121 0.8740909
vt 0.5149995 0.8833103
vt 0.525086 0.8833117
vt 0.5150009 0.874091
vt 0.5250874 0.8740925
vt 0.525086 0.8833117
vt 0.5778486 0.8833196
vt 0.5250874 0.8740925
vt 0.5778499 0.8741003
vt 0.5250787 0.9328907
vt 0.525086 0.8833117
vt 0.5149921 0.9328891
vt 0.5149995 0.8833103
vt 0.7335064 0.5190899
vt 0.8215544 0.5190899
vt 0.7335064 0.5131396
vt 0.8215544 0.5131396
vt 0.7339096 0.5190899
vt 0.7339096 0.5686687
vt 0.7368677 0.5190899
vt 0.7368677 0.5686687
vt 0.8163653 0.5686687
vt 0.8215544 0.5190899
vt 0.8215545 0.5078773
vt 0.7335064 0.5078773
vt 0.8215545 0.5131396
vt 0.7335064 0.5131396
vt 0.7339096 0.4551148
vt 0.7339096 0.5078773
vt 0.7368677 0.4551148
vt 0.7339096 0.5078773
vt 0.7335064 0.5078773
vt 0.7368677 0.4551148
vt 0.8215545 0.4551148
vt 0.7368677 0.4551148
vt 0.8275012 0.5078773
vt 0.8215545 0.5078773
vt 0.8275012 0.5131396
vt 0.8215545 0.5131396
vt 0.8772302 0.5078773
vt 0.8275012 0.5078773
vt 0.8772302 0.5131396
vt 0.8275012 0.5131396
vt 0.8275012 0.455115
vt 0.8215545 0.455115
vt 0.7275561 0.455115
vt 0.7275561 0.5078773
vt 0.7335064 0.455115
vt 0.7335064 0.5078773
vt 0.7335064 0.5078773
vt 0.7275561 0.5078773
vt 0.7335064 0.5131396
vt 0.7275561 0.5131396
vt 0.7275561 0.5078773
vt 0.6779773 0.5078773
vt 0.7275561 0.5131396
vt 0.6779773 0.5131396
vt 0.7016574 0.7766889
vt 0.6575056 0.7766889
vt 0.7016574 0.7863214
vt 0.6575056 0.7863214
vt 0.6575056 0.7239262
vt 0.648118 0.7766889
vt 0.648118 0.7239262
vt 0.7016574 0.7239262
vt 0.648118 0.7863214
vt 0.710521 0.7766889
vt 0.710521 0.7239262
vt 0.7016574 0.7766889
vt 0.7016574 0.7239262
vt 0.7844199 0.7766889
vt 0.7844199 0.7863214
vt 0.710521 0.7863214
vt 0.8264014 0.7766889
vt 0.8264014 0.7863214
vt 0.7016574 0.7863214
vt 0.639253 0.7957091
vt 0.639253 0.8398609
vt 0.648118 0.7957091
vt 0.648118 0.8398609
vt 0.5654412 0.8452879
vt 0.5290477 0.7957091
vt 0.5234526 0.8452879
vt 0.5290655 0.7957091
vt 0.5290118 0.7863214
vt 0.5713737 0.7863214
vt 0.639253 0.7863214
vt 0.648118 0.7863214
vt 0.6392529 0.7239262
vt 0.6392529 0.7766889
vt 0.648118 0.7239262
vt 0.648118 0.7766889
vt 0.5713737 0.7766889
vt 0.5290118 0.7766889
vt 0.5713737 0.7863214
vt 0.5290118 0.7863214
vt 0.6392529 0.7863214
vt 0.5713737 0.7239262
vt 0.5290118 0.7239262
vt 0.648118 0.7863214
vt 0.5290118 0.7766889
vt 0.5196307 0.7766889
vt 0.5290118 0.7863214
vt 0.5196307 0.7863214
vt 0.5196307 0.7766889
vt 0.4698794 0.7766889
vt 0.5196307 0.7863214
vt 0.4698794 0.7863214
vt 0.5196307 0.7239264
vt 0.5290118 0.7239264
vt 0.6392529 0.7145386
vt 0.6392529 0.7239263
vt 0.648118 0.7145386
vt 0.648118 0.7239263
vt 0.6392529 0.6703866
vt 0.648118 0.6703866
vt 0.5713735 0.7145386
vt 0.5290114 0.7145386
vt 0.5713735 0.7239263
vt 0.5290114 0.7239263
vt 0.0247855 0.06507289
vt 0.0247855 0.2163515
vt 0.03618053 0.06507289
vt 0.03618053 0.2163515
vt 0.1273052 0.2163515
vt 0.1273052 0.06507289
vt 0.1159102 0.2163515
vt 0.1159102 0.06507289
vt 0.1714571 0.2163515
vt 0.1714571 0.06507289
vt 0.1833076 0.2163515
vt 0.1833076 0.06507289
vt 0.1714571 0.2163515
vt 0.1714571 0.06507289
vt 0.1040597 0.2163515
vt 0.1040597 0.2277464
vt 0.1159102 0.2163515
vt 0.1159102 0.2277464
vt 0.1040597 0.2718983
vt 0.1159102 0.2718983
vt 0.03618061 0.2277464
vt 0.03618061 0.2163515
vt 0.1040597 0.06507289
vt 0.1040597 0.2163515
vt 0.1159102 0.06507289
vt 0.1159102 0.2163515
vt 0.03618053 0.06507289
vt 0.03618053 0.2163515
vt 0.1040597 0.009526163
vt 0.1040597 0.05367795
vt 0.1159102 0.009526163
vt 0.1040597 0.05367795
vt 0.1040597 0.05367795
vt 0.1159102 0.009526163
vt 0.1159102 0.06507289
vt 0.1040597 0.05367795
vt 0.1159102 0.06507289
vt 0.1159102 0.05367795
vt 0.1159102 0.009526163
vt 0.1040597 0.06507289
vt 0.1040597 0.05367795
vt 0.1040597 0.06507289
vt 0.1159102 0.06507289
vt 0.1040597 0.05367795
vt 0.1040597 0.05367795
vt 0.03618061 0.05367795
vt 0.03618061 0.06507289
vt 0.5872304 0.8657613
vt 0.5872304 0.9192809
vt 0.6041881 0.8657613
vt 0.6041881 0.9192809
vt 0.6947269 0.9192809
vt 0.6947269 0.8657613
vt 0.6777692 0.9192809
vt 0.6777692 0.8657613
vt 0.7168029 0.9192809
vt 0.7168029 0.8657613
vt 0.7388789 0.8657613
vt 0.7388789 0.9192809
vt 0.7445807 0.9192809
vt 0.7445807 0.8657613
vt 0.7388788 0.9192809
vt 0.7388788 0.8657613
vt 0.6381277 0.9362386
vt 0.6720673 0.9362386
vt 0.6381277 0.9192809
vt 0.6720673 0.9192809
vt 0.6041881 0.9362386
vt 0.6041881 0.9192809
vt 0.6777692 0.9192809
vt 0.6777692 0.9362386
vt 0.6720673 0.9583145
vt 0.6777692 0.9583145
vt 0.6720673 0.9803904
vt 0.6777692 0.9803904
vt 0.6720673 0.8657613
vt 0.6720673 0.9192809
vt 0.6777692 0.8657613
vt 0.6777692 0.9192809
vt 0.6381277 0.8657613
vt 0.6041881 0.8657613
vt 0.6041881 0.9192809
vt 0.6381277 0.9192809
vt 0.6720672 0.8488037
vt 0.6720672 0.8657613
vt 0.6777691 0.8488037
vt 0.6777691 0.8657613
vt 0.6720672 0.8267277
vt 0.6777691 0.8267277
vt 0.6720672 0.8046518
vt 0.6777691 0.8046518
vt 0.6381277 0.8488037
vt 0.6381277 0.8657613
vt 0.6041881 0.8488037
vt 0.6041881 0.8657613
vt 0.479587 0.6387821
vt 0.479587 0.6923016
vt 0.490894 0.6387821
vt 0.490894 0.6923016
vt 0.5792415 0.6923016
vt 0.5792415 0.6387821
vt 0.5679346 0.6923016
vt 0.5679346 0.6387821
vt 0.6013173 0.6923016
vt 0.6013174 0.6387821
vt 0.6233933 0.6923016
vt 0.6233933 0.6387821
vt 0.5792414 0.6951455
vt 0.6013173 0.6951455
vt 0.5792414 0.6923016
vt 0.6013173 0.6923016
vt 0.5792414 0.701463
vt 0.6013173 0.701463
vt 0.5679346 0.701463
vt 0.5679346 0.6951455
vt 0.5679346 0.6923016
vt 0.6233933 0.6951455
vt 0.6233933 0.6923016
vt 0.6233933 0.701463
vt 0.5650907 0.6387821
vt 0.5650907 0.6923016
vt 0.5679346 0.6387821
vt 0.5679346 0.6923016
vt 0.490894 0.6923016
vt 0.5248335 0.6923016
vt 0.490894 0.6387821
vt 0.5248335 0.6387821
vt 0.5587731 0.6387821
vt 0.5587731 0.6923016
vt 0.5650907 0.6274752
vt 0.5650907 0.6387821
vt 0.5679346 0.6274752
vt 0.5679346 0.6387821
vt 0.5587732 0.6274752
vt 0.5587732 0.6387821
vt 0.5248339 0.6274752
vt 0.5248339 0.6387821
vt 0.4908945 0.6274752
vt 0.4908945 0.6387821
vt 0.5587732 0.6053995
vt 0.5650907 0.6053995
vt 0.5587732 0.5833237
vt 0.5650907 0.5833237
vt 0.5679346 0.6053995
vt 0.5679346 0.5833237
vt 0.6262372 0.6923016
vt 0.6262372 0.6387821
vt 0.6233933 0.6923016
vt 0.6233933 0.6387821
vt 0.6325547 0.6923016
vt 0.6325547 0.6387821
vt 0.6718438 0.05379401
vt 0.6718438 0.1499757
vt 0.6814857 0.05379401
vt 0.6814857 0.1499757
vt 0.7646746 0.1499757
vt 0.7646746 0.05379401
vt 0.7550327 0.1499757
vt 0.7550327 0.05379401
vt 0.8088266 0.1499757
vt 0.8088266 0.05379401
vt 0.7867506 0.1499757
vt 0.7646746 0.05379401
vt 0.7646746 0.1499757
vt 0.8144944 0.1499757
vt 0.8144944 0.05379401
vt 0.8088266 0.1499757
vt 0.8088266 0.05379401
vt 0.7493649 0.05379401
vt 0.7493649 0.1499757
vt 0.7550327 0.05379401
vt 0.7550327 0.1499757
vt 0.6814857 0.05379401
vt 0.6814857 0.1499757
vt 0.7154253 0.1499757
vt 0.7493649 0.04415205
vt 0.7493649 0.05379392
vt 0.7550328 0.04415205
vt 0.7550328 0.05379392
vt 0.7493649 0
vt 0.7550328 0
vt 0.7550328 0.04415205
vt 0.6814854 0.04415205
vt 0.6814854 0.05379392
vt 0.7154251 0.1596176
vt 0.7493649 0.1596176
vt 0.7154251 0.1499757
vt 0.7493649 0.1499757
vt 0.6814854 0.1596176
vt 0.6814854 0.1499757
vt 0.7550328 0.1499757
vt 0.7550328 0.1596176
vt 0.7493649 0.1596176
vt 0.7493649 0.1816936
vt 0.7550328 0.1596176
vt 0.7550328 0.1816936
vt 0.7493649 0.2037697
vt 0.7550328 0.2037697
vt 0.6291767 0.2100744
vt 0.5219262 0.2100744
vt 0.6291767 0.2185356
vt 0.5219262 0.2185356
vt 0.6291767 0.1573118
vt 0.5219262 0.1573118
vt 0.6350911 0.2100744
vt 0.6350911 0.1573118
vt 0.6350911 0.2185356
vt 0.5219262 0.2270775
vt 0.6291769 0.2270775
vt 0.5219262 0.2185356
vt 0.6291769 0.2185356
vt 0.6350912 0.3008892
vt 0.6350912 0.2270775
vt 0.6291769 0.3008892
vt 0.5268067 0.3008892
vt 0.6350912 0.2185356
vt 0.5133864 0.2100743
vt 0.5133864 0.2185355
vt 0.5219262 0.2100743
vt 0.5219262 0.2185355
vt 0.5133864 0.157312
vt 0.5219262 0.157312
vt 0.5133864 0.2100743
vt 0.4394856 0.2100743
vt 0.5133864 0.2185355
vt 0.4394856 0.2185355
vt 0.6436331 0.2185356
vt 0.6436331 0.2100744
vt 0.6350911 0.2185356
vt 0.6350911 0.2100744
vt 0.7174447 0.2100744
vt 0.7174447 0.2185356
vt 0.6436331 0.1573118
vt 0.6350911 0.1573118
vt 0.3033502 0.2576016
vt 0.4061527 0.2576016
vt 0.3033502 0.2519192
vt 0.4061527 0.2519192
vt 0.4000178 0.1616332
vt 0.3033502 0.1616332
vt 0.4000178 0.1673157
vt 0.3033502 0.1673157
vt 0.4000178 0.1088706
vt 0.3033502 0.1088706
vt 0.4000178 0.09807877
vt 0.3033502 0.09807877
vt 0.4000178 0.1088706
vt 0.3033502 0.1088706
vt 0.3033502 0.1781075
vt 0.4000178 0.1781075
vt 0.3033502 0.1673157
vt 0.4000178 0.1673157
vt 0.3033502 0.2519192
vt 0.4061527 0.2519192
vt 0.4108054 0.1673157
vt 0.4108054 0.1616332
vt 0.4000178 0.1673157
vt 0.4000178 0.1616332
vt 0.4847581 0.1616332
vt 0.4847581 0.1673157
vt 0.4108054 0.1616332
vt 0.4108054 0.1088709
vt 0.4000178 0.1088709
vt 0.2925583 0.1616332
vt 0.2187468 0.1616332
vt 0.2925583 0.1673157
vt 0.2187468 0.1673157
vt 0.2925583 0.1088707
vt 0.3033502 0.1088707
vt 0.3033502 0.1616332
vt 0.3033502 0.1673157
vt 0.6391933 0.3884516
vt 0.5003208 0.3884516
vt 0.6391933 0.3984746
vt 0.5003208 0.3984746
vt 0.6441631 0.3884516
vt 0.6441631 0.335689
vt 0.6391933 0.3884516
vt 0.6391933 0.335689
vt 0.5003208 0.335689
vt 0.5003208 0.3884516
vt 0.6441631 0.3984746
vt 0.5003208 0.4055779
vt 0.6391933 0.4055779
vt 0.5003208 0.3984746
vt 0.6391933 0.3984746
vt 0.6441632 0.4055779
vt 0.6441632 0.3978183
vt 0.5168955 0.4576469
vt 0.6391933 0.4576469
vt 0.6441632 0.4576469
vt 0.651261 0.3984746
vt 0.651261 0.3884516
vt 0.6435015 0.3984746
vt 0.6441686 0.3884516
vt 0.7033301 0.3884516
vt 0.7033301 0.3984746
vt 0.651261 0.3884516
vt 0.651261 0.335689
vt 0.6441686 0.3884516
vt 0.6441577 0.335689
vt 0.6391933 0.3285858
vt 0.500321 0.3285858
vt 0.6391933 0.335689
vt 0.500321 0.335689
vt 0.6441631 0.3285858
vt 0.6441631 0.335689
vt 0.4902451 0.4055779
vt 0.5003208 0.4055779
vt 0.4902451 0.3984746
vt 0.5003208 0.3984746
vt 0.4902451 0.4593496
vt 0.5003208 0.4593496
vt 0.4372048 0.4055779
vt 0.4902451 0.4055779
vt 0.4372048 0.3984746
vt 0.4902451 0.3984746
vt 0.5168955 0.4676698
vt 0.6391933 0.4676698
vt 0.5168955 0.4576469
vt 0.6391933 0.4576469
vt 0.6441631 0.4676698
vt 0.6441631 0.4576469
vt 0.5268072 0.3093504
vt 0.6291769 0.3093504
vt 0.5268072 0.3008892
vt 0.6291769 0.3008892
vt 0.6350912 0.3093504
vt 0.6350912 0.3008892
vt 0.7368677 0.573931
vt 0.8163649 0.573931
vt 0.7368677 0.5686688
vt 0.8163649 0.5686688
vt 0.7339096 0.573931
vt 0.7339096 0.5686688
vt 0.5109181 0.9429756
vt 0.5149981 0.9429756
vt 0.5109181 0.9328891
vt 0.5149981 0.9328891
vt 0.3713979 0.9429756
vt 0.3713979 0.9328891
vt 0.3785688 0.5495067
vt 0.3264644 0.5495067
vt 0.3785688 0.5675285
vt 0.3264644 0.5675285
vt 0.2151309 0.5495067
vt 0.2151309 0.5675285
vt 0.3898905 0.5495067
vt 0.3898905 0.5675285
vt 0.3785688 0.4967442
vt 0.3898905 0.4967442
vt 0.6291769 0.1487698
vt 0.5219262 0.1487698
vt 0.6291769 0.1573118
vt 0.5219262 0.1573118
vt 0.6350912 0.1487698
vt 0.6350912 0.1573118
vt 0.3571053 0.3926874
vt 0.2253053 0.3926874
vt 0.3571053 0.3994691
vt 0.2253053 0.3994691
vt 0.2253053 0.4728712
vt 0.3571053 0.4728712
vt 0.2253053 0.4660895
vt 0.3571053 0.4660895
vt 0.2253053 0.5249404
vt 0.3597499 0.5249404
vt 0.2253053 0.5387982
vt 0.35975 0.5387982
vt 0.2253053 0.5249404
vt 0.35975 0.5249404
vt 0.2114474 0.4660895
vt 0.2114474 0.4728712
vt 0.2253053 0.4660895
vt 0.2253053 0.4728712
vt 0.2114474 0.5249403
vt 0.2253053 0.5249403
vt 0.1586849 0.4728712
vt 0.1586849 0.4660895
vt 0.3571053 0.4522317
vt 0.2253053 0.4522317
vt 0.3571053 0.4660895
vt 0.2253053 0.4660895
vt 0.3571053 0.3994691
vt 0.2253053 0.3994691
vt 0.3709652 0.524985
vt 0.3709652 0.4728712
vt 0.3571053 0.524985
vt 0.3571053 0.4728712
vt 0.3709652 0.4728712
vt 0.3709652 0.4660895
vt 0.3571053 0.4728712
vt 0.3571053 0.4660895
vt 0.4237352 0.4728712
vt 0.4237352 0.4660895
vt 0.2101675 0.3360754
vt 0.2096533 0.3392878
vt 0.2141215 0.3342285
vt 0.2141215 0.3342285
vt 0.2730669 0.3335536
vt 0.2730741 0.3353452
vt 0.2733904 0.2783222
vt 0.2105468 0.2783206
vt 0.2097066 0.2454708
vt 0.2741207 0.2454713
vt 0.2111554 0.2783207
vt 0.212141 0.2454713
vt 0.212903 0.2457295
vt 0.2114597 0.3367933
vt 0.2086458 0.3991422
vt 0.2109272 0.3391336
vt 0.2086458 0.3991422
vt 0.1464347 0.3359511
vt 0.1473467 0.3383003
vt 0.2095775 0.3395032
vt 0.1539913 0.4169526
vt 0.2096533 0.3392878
vt 0.2078951 0.3350777
vt 0.206978 0.3366748
vt 0.2091043 0.3338789
vt 0.2101675 0.3360754
vt 0.1473467 0.3383003
vt 0.147347 0.3370833
vt 0.1461305 0.2783206
vt 0.211764 0.2783208
vt 0.1461305 0.2459871
vt 0.2112341 0.244058
vt 0.2111554 0.2783207
vt 0.2104704 0.2447644
vt 0.2734728 0.3347304
vt 0.2749233 0.3348417
vt 0.2749233 0.3348417
vt 0.2734728 0.3347304
vt 0.2746807 0.2783238
vt 0.2733904 0.2783222
vt 0.2761415 0.2449554
vt 0.2741207 0.2454713
vt 0.3306028 0.3346775
vt 0.3306028 0.3346775
vt 0.1449137 0.3340831
vt 0.06853843 0.3346775
vt 0.143697 0.3361775
vt 0.06853843 0.3346775
vt 0.1455221 0.3336303
vt 0.1464347 0.3359511
vt 0.1449138 0.2783205
vt 0.1461305 0.2783206
vt 0.1449138 0.2459871
vt 0.1461305 0.2459871
vt 0.7407092 0.7062736
vt 0.7407092 0.6167996
vt 0.7309082 0.7062736
vt 0.7309082 0.6167996
vt 0.7967107 0.6132124
vt 0.7407092 0.6132123
vt 0.7967107 0.6167998
vt 0.7407092 0.6167996
vt 0.7967107 0.7062737
vt 0.7967107 0.5808789
vt 0.7407098 0.5808784
vt 0.7407092 0.6132123
vt 0.7309082 0.6132122
vt 0.7309082 0.5808787
vt 0.7274131 0.6167996
vt 0.7274131 0.7062736
vt 0.7309082 0.6167996
vt 0.7309082 0.7062736
vt 0.7274131 0.5808787
vt 0.7274131 0.6132122
vt 0.7309082 0.5808787
vt 0.7309082 0.6132122
vt 0.6686994 0.6167996
vt 0.6686994 0.7062736
vt 0.6686994 0.6132122
vt 0.6686994 0.5808787
vt 0.7274131 0.7160748
vt 0.7274131 0.7720766
vt 0.7309082 0.7160748
vt 0.7309082 0.7720766
vt 0.668699 0.7160748
vt 0.668699 0.7062736
vt 0.7274131 0.7062736
vt 0.7309082 0.7062736
vt 0.6588983 0.6167996
vt 0.6588983 0.7062736
vt 0.6686994 0.6167996
vt 0.6686994 0.7062736
vt 0.6588983 0.5808787
vt 0.6588983 0.6132122
vt 0.6686994 0.5808787
vt 0.6686994 0.6132122
vt 0.8002056 0.7062735
vt 0.8002056 0.6167998
vt 0.7967107 0.7062735
vt 0.7967107 0.6167998
vt 0.8002056 0.6132124
vt 0.7967107 0.6132124
vt 0.8002056 0.5808791
vt 0.7967107 0.5808791
vt 0.7274131 0.5710776
vt 0.7274131 0.5808787
vt 0.7306749 0.5710776
vt 0.730915 0.5808787
vt 0.7274131 0.5150762
vt 0.7274131 0.5710776
vt 0.7309082 0.5150762
vt 0.7306749 0.5710776
vt 0.6686994 0.5710777
vt 0.6686994 0.5808787
vt 0.9179118 0.2656918
vt 0.9179118 0.1668047
vt 0.9114876 0.2656918
vt 0.9114876 0.1668047
vt 0.8373078 0.1668047
vt 0.8373078 0.2656917
vt 0.843732 0.1668047
vt 0.843732 0.2656917
vt 0.7785941 0.1668047
vt 0.7785941 0.2656917
vt 0.8373078 0.2656917
vt 0.8373078 0.1668047
vt 0.7668399 0.1668047
vt 0.7668399 0.2656917
vt 0.7785941 0.1668047
vt 0.7785941 0.2656917
vt 0.8554861 0.2656917
vt 0.8554861 0.1668047
vt 0.843732 0.2656917
vt 0.843732 0.1668047
vt 0.9114876 0.2656917
vt 0.9114876 0.1668047
vt 0.8373078 0.2774459
vt 0.843732 0.2774459
vt 0.8373078 0.2656917
vt 0.843732 0.2656917
vt 0.8373078 0.3334474
vt 0.843732 0.3334474
vt 0.7785941 0.2774459
vt 0.7785941 0.2656917
vt 0.843732 0.1550505
vt 0.8373078 0.1550505
vt 0.843732 0.1668047
vt 0.8373078 0.1668047
vt 0.8373078 0.1550505
vt 0.7785941 0.1550505
vt 0.8373078 0.1668047
vt 0.7785941 0.1668047
vt 0.8373078 0.09904905
vt 0.843732 0.09904905
vt 0.8107366 0.9237601
vt 0.8107366 0.9395749
vt 0.8199328 0.9237601
vt 0.8199328 0.9395749
vt 0.8107366 0.8483506
vt 0.8199328 0.8483506
vt 0.7520229 0.9395749
vt 0.7520229 0.9237601
vt 0.7520229 0.8483506
vt 0.8107366 0.8483506
vt 0.8243561 0.9395749
vt 0.8243561 0.9237601
vt 0.8199328 0.9395749
vt 0.8199328 0.9237601
vt 0.8243561 0.8483506
vt 0.8199328 0.8483506
vt 0.8803577 0.9395749
vt 0.8803577 0.9237601
vt 0.8803577 0.8483506
vt 0.8895538 0.939575
vt 0.8895538 0.9237601
vt 0.8803577 0.939575
vt 0.8803577 0.9237601
vt 0.8895538 0.8483506
vt 0.8803577 0.8483506
vt 0.8107366 0.7879257
vt 0.8107366 0.8439272
vt 0.8199328 0.7879257
vt 0.8199328 0.8439272
vt 0.8199328 0.8483506
vt 0.8107366 0.8483506
vt 0.7520226 0.8439272
vt 0.8107366 0.8483506
vt 0.7520226 0.8483506
vt 0.7475995 0.8483506
vt 0.7475995 0.9237601
vt 0.7520229 0.8483506
vt 0.7520229 0.9237601
vt 0.7475995 0.9395749
vt 0.7520229 0.9395749
vt 0.8107365 0.9439983
vt 0.8199327 0.9439983
vt 0.8199327 0.9439983
vt 0.8199327 0.9395749
vt 0.8107365 0.9439983
vt 0.8107365 1
vt 0.8199327 1
vt 0.7520226 0.9395749
vt 0.8199327 0.9395749
vt 0.7520226 0.9395749
vt 0.7520226 0.9439983
vt 0.7520226 0.9395749
vt 0.8107365 0.9439983
vt 0.7520226 0.9395749
vt 0.7368677 0.4491645
vt 0.7339096 0.4491645
vt 0.7368677 0.4551148
vt 0.7339096 0.4551148
vt 0.8215541 0.4491645
vt 0.8215541 0.4551148
vt 0.8175768 0.7070697
vt 0.8175768 0.7765628
vt 0.82779 0.7070697
vt 0.82779 0.7765626
vt 0.7872766 0.7070697
vt 0.7872766 0.7765628
vt 0.7569764 0.7070697
vt 0.7569764 0.7765628
vt 0.08321735 0.7577713
vt 0.1438176 0.7577713
vt 0.08321727 0.7479894
vt 0.1438176 0.7479894
vt 0.1601041 0.7479894
vt 0.1601041 0.7577713
vt 0.1438176 0.7577713
vt 0.1438176 0.8027265
vt 0.1601041 0.7577713
vt 0.1601041 0.8027265
vt 0.2121638 0.2441937
vt 0.2118562 0.1727953
vt 0.2118562 0.1727953
vt 0.2740567 0.2426609
vt 0.2750306 0.2439236
vt 0.2104704 0.2447644

g Default_Prototype
usemtl Default_Prototype
usemap Default_Prototype
f 2/2/2 1/1/1 3/3/3
f 4/4/4 2/2/2 3/3/3
f 6/6/6 5/5/5 7/7/7
f 8/8/8 6/6/6 7/7/7
f 10/10/10 9/9/9 2/2/2
f 2/2/2 9/9/9 1/1/1
f 11/11/11 10/10/10 2/2/2
f 11/11/11 2/2/2 6/6/6
f 11/11/11 6/6/6 8/8/8
f 12/12/12 11/11/11 8/8/8
f 6/6/6 2/2/2 4/4/4
f 5/5/5 6/6/6 4/4/4
f 14/14/14 13/13/13 15/15/15
f 16/16/16 14/14/14 15/15/15
f 13/13/13 17/17/17 18/18/18
f 15/15/15 13/13/13 18/18/18
f 19/19/19 13/13/13 14/14/14
f 20/20/20 19/19/19 14/14/14
f 21/21/21 17/17/17 19/19/19
f 19/19/19 17/17/17 13/13/13
f 23/23/23 22/22/22 24/24/24
f 25/25/25 23/23/23 24/24/24
f 26/26/26 23/23/23 27/27/27
f 23/23/23 25/25/25 27/27/27
f 24/24/24 22/22/22 28/28/28
f 29/29/29 24/24/24 28/28/28
f 24/24/24 29/29/29 30/30/30
f 31/31/31 24/24/24 30/30/30
f 25/25/25 24/24/24 31/31/31
f 32/32/32 25/25/25 31/31/31
f 27/27/27 25/25/25 32/32/32
f 33/33/33 27/27/27 32/32/32
f 35/35/35 34/34/34 36/36/36
f 37/37/37 35/35/35 36/36/36
f 35/35/35 37/37/37 38/38/38
f 39/39/39 35/35/35 38/38/38
f 40/40/40 35/35/35 39/39/39
f 41/41/41 40/40/40 39/39/39
f 43/43/43 42/42/42 44/44/44
f 45/45/45 43/43/43 44/44/44
f 42/42/42 46/46/46 47/47/47
f 44/44/44 42/42/42 47/47/47
f 48/48/48 43/43/43 45/45/45
f 49/49/49 48/48/48 45/45/45
f 50/50/50 43/43/43 48/48/48
f 51/51/51 50/50/50 48/48/48
f 53/53/53 52/52/52 54/54/54
f 55/55/55 53/53/53 54/54/54
f 57/57/57 56/56/56 58/58/58
f 57/57/57 58/58/58 59/59/59
f 61/61/61 60/60/60 62/62/62
f 63/63/63 61/61/61 62/62/62
f 65/65/65 64/64/64 66/66/66
f 67/67/67 65/65/65 66/66/66
f 69/69/69 68/68/68 70/70/70
f 71/71/71 69/69/69 70/70/70
f 73/73/73 72/72/72 68/68/68
f 69/69/69 73/73/73 68/68/68
f 75/75/75 74/74/74 76/76/76
f 77/77/77 75/75/75 76/76/76
f 79/79/79 78/78/78 80/80/80
f 81/81/81 79/79/79 80/80/80
f 82/82/82 74/74/74 75/75/75
f 83/83/83 82/82/82 75/75/75
f 85/85/85 84/84/84 86/86/86
f 87/87/87 85/85/85 86/86/86
f 89/89/89 88/88/88 90/90/90
f 91/91/91 89/89/89 90/90/90
f 93/93/93 92/92/92 94/94/94
f 92/92/92 95/95/95 94/94/94
f 95/95/95 96/96/96 94/94/94
f 98/98/98 97/97/97 99/99/99
f 100/100/100 98/98/98 99/99/99
f 102/102/102 101/101/101 103/103/103
f 104/104/104 102/102/102 103/103/103
f 106/106/106 105/105/105 107/107/107
f 108/108/108 106/106/106 107/107/107
f 106/106/106 109/109/109 110/110/110
f 105/105/105 106/106/106 110/110/110
f 112/112/112 111/111/111 113/113/113
f 114/114/114 112/112/112 113/113/113
f 115/115/115 114/114/114 113/113/113
f 114/114/114 115/115/115 116/116/116
f 117/117/117 114/114/114 116/116/116
f 119/119/119 118/118/118 120/120/120
f 121/121/121 119/119/119 120/120/120
f 123/123/123 122/122/122 124/124/124
f 125/125/125 123/123/123 124/124/124
f 122/122/122 126/126/126 127/127/127
f 124/124/124 122/122/122 127/127/127
f 126/126/126 128/128/128 129/129/129
f 127/127/127 126/126/126 129/129/129
f 118/118/118 122/122/122 123/123/123
f 120/120/120 118/118/118 123/123/123
f 131/131/131 130/130/130 132/132/132
f 133/133/133 131/131/131 132/132/132
f 135/135/135 134/134/134 136/136/136
f 137/137/137 135/135/135 136/136/136
f 139/139/139 138/138/138 140/140/140
f 140/140/140 138/138/138 141/141/141
f 139/139/139 140/140/140 142/142/142
f 135/135/135 139/139/139 142/142/142
f 144/144/144 143/143/143 145/145/145
f 146/146/146 144/144/144 145/145/145
f 148/148/148 147/147/147 149/149/149
f 150/150/150 148/148/148 149/149/149
f 147/147/147 151/151/151 152/152/152
f 149/149/149 147/147/147 152/152/152
f 151/151/151 153/153/153 154/154/154
f 155/155/155 151/151/151 154/154/154
f 153/153/153 156/156/156 157/157/157
f 154/154/154 153/153/153 157/157/157
f 151/151/151 155/155/155 158/158/158
f 152/152/152 151/151/151 158/158/158
f 160/160/160 159/159/159 161/161/161
f 162/162/162 160/160/160 161/161/161
f 159/159/159 163/163/163 164/164/164
f 161/161/161 159/159/159 164/164/164
f 163/163/163 165/165/165 166/166/166
f 164/164/164 163/163/163 166/166/166
f 167/167/167 159/159/159 160/160/160
f 168/168/168 167/167/167 160/160/160
f 169/169/169 167/167/167 168/168/168
f 170/170/170 169/169/169 168/168/168
f 172/172/172 171/171/171 173/173/173
f 174/174/174 172/172/172 173/173/173
f 176/176/176 175/175/175 177/177/177
f 178/178/178 176/176/176 177/177/177
f 180/180/180 179/179/179 176/176/176
f 179/179/179 175/175/175 176/176/176
f 182/182/182 181/181/181 183/183/183
f 184/184/184 182/182/182 183/183/183
f 186/186/186 185/185/185 187/187/187
f 188/188/188 186/186/186 187/187/187
f 190/190/190 189/189/189 188/188/188
f 191/191/191 190/190/190 188/188/188
f 186/186/186 192/192/192 193/193/193
f 185/185/185 186/186/186 193/193/193
f 195/195/195 194/194/194 196/196/196
f 197/197/197 195/195/195 196/196/196
f 199/199/199 198/198/198 195/195/195
f 195/195/195 198/198/198 194/194/194
f 201/201/201 200/200/200 202/202/202
f 203/203/203 201/201/201 202/202/202
f 202/202/202 200/200/200 204/204/204
f 205/205/205 202/202/202 204/204/204
f 200/200/200 206/206/206 207/207/207
f 204/204/204 200/200/200 207/207/207
f 209/209/209 208/208/208 210/210/210
f 211/211/211 209/209/209 210/210/210
f 213/213/213 212/212/212 214/214/214
f 214/214/214 212/212/212 208/208/208
f 214/214/214 208/208/208 209/209/209
f 215/215/215 214/214/214 209/209/209
f 208/208/208 212/212/212 216/216/216
f 210/210/210 208/208/208 216/216/216
f 218/218/218 217/217/217 219/219/219
f 220/220/220 218/218/218 219/219/219
f 221/221/221 217/217/217 218/218/218
f 222/222/222 221/221/221 218/218/218
f 222/222/222 218/218/218 223/223/223
f 224/224/224 222/222/222 223/223/223
f 223/223/223 218/218/218 220/220/220
f 225/225/225 223/223/223 220/220/220
f 227/227/227 226/226/226 228/228/228
f 229/229/229 227/227/227 228/228/228
f 231/231/231 230/230/230 232/232/232
f 231/231/231 232/232/232 227/227/227
f 227/227/227 232/232/232 233/233/233
f 226/226/226 227/227/227 233/233/233
f 231/231/231 227/227/227 229/229/229
f 234/234/234 231/231/231 229/229/229
f 236/236/236 235/235/235 237/237/237
f 238/238/238 236/236/236 237/237/237
f 239/239/239 235/235/235 236/236/236
f 240/240/240 239/239/239 236/236/236
f 235/235/235 241/241/241 242/242/242
f 237/237/237 235/235/235 242/242/242
f 244/244/244 243/243/243 245/245/245
f 246/246/246 244/244/244 245/245/245
f 247/247/247 244/244/244 248/248/248
f 249/249/249 247/247/247 248/248/248
f 244/244/244 246/246/246 250/250/250
f 248/248/248 244/244/244 250/250/250
f 252/252/252 251/251/251 253/253/253
f 254/254/254 252/252/252 253/253/253
f 251/251/251 255/255/255 256/256/256
f 253/253/253 251/251/251 256/256/256
f 251/251/251 257/257/257 258/258/258
f 255/255/255 251/251/251 258/258/258
f 260/260/260 259/259/259 261/261/261
f 262/262/262 260/260/260 261/261/261
f 264/264/264 263/263/263 265/265/265
f 266/266/266 264/264/264 265/265/265
f 266/266/266 265/265/265 267/267/267
f 268/268/268 266/266/266 267/267/267
f 270/270/270 269/269/269 271/271/271
f 272/272/272 270/270/270 271/271/271
f 274/274/274 273/273/273 275/275/275
f 276/276/276 274/274/274 275/275/275
f 278/278/278 277/277/277 279/279/279
f 277/277/277 280/280/280 279/279/279
f 282/282/282 281/281/281 283/283/283
f 284/284/284 282/282/282 283/283/283
f 283/283/283 281/281/281 285/285/285
f 286/286/286 283/283/283 285/285/285
f 281/281/281 287/287/287 288/288/288
f 285/285/285 281/281/281 288/288/288
f 290/290/290 289/289/289 291/291/291
f 292/292/292 290/290/290 291/291/291
f 290/290/290 293/293/293 294/294/294
f 289/289/289 290/290/290 294/294/294
f 295/295/295 290/290/290 292/292/292
f 296/296/296 295/295/295 292/292/292
f 298/298/298 297/297/297 299/299/299
f 300/300/300 298/298/298 299/299/299
f 302/302/302 301/301/301 303/303/303
f 304/304/304 302/302/302 303/303/303
f 302/302/302 305/305/305 306/306/306
f 301/301/301 302/302/302 306/306/306
f 308/308/308 307/307/307 309/309/309
f 310/310/310 308/308/308 309/309/309
f 312/312/312 311/311/311 313/313/313
f 314/314/314 312/312/312 313/313/313
f 315/315/315 311/311/311 312/312/312
f 316/316/316 315/315/315 312/312/312
f 318/318/318 317/317/317 319/319/319
f 320/320/320 318/318/318 319/319/319
f 321/321/321 318/318/318 320/320/320
f 322/322/322 321/321/321 320/320/320
f 318/318/318 323/323/323 324/324/324
f 317/317/317 318/318/318 324/324/324
f 326/326/326 325/325/325 327/327/327
f 328/328/328 326/326/326 327/327/327
f 329/329/329 325/325/325 326/326/326
f 330/330/330 329/329/329 326/326/326
f 325/325/325 331/331/331 332/332/332
f 327/327/327 325/325/325 332/332/332
f 334/334/334 333/333/333 335/335/335
f 336/336/336 334/334/334 335/335/335
f 338/338/338 337/337/337 339/339/339
f 340/340/340 338/338/338 339/339/339
f 342/342/342 341/341/341 343/343/343
f 344/344/344 342/342/342 343/343/343
f 346/346/346 345/345/345 347/347/347
f 348/348/348 346/346/346 347/347/347
f 350/350/350 349/349/349 351/351/351
f 352/352/352 350/350/350 351/351/351
f 350/350/350 352/352/352 353/353/353
f 354/354/354 350/350/350 353/353/353
f 356/356/356 355/355/355 357/357/357
f 358/358/358 356/356/356 357/357/357
f 360/360/360 359/359/359 361/361/361
f 359/359/359 362/362/362 361/361/361
f 361/361/361 362/362/362 363/363/363
f 364/364/364 361/361/361 363/363/363
f 366/366/366 365/365/365 367/367/367
f 368/368/368 366/366/366 367/367/367
f 365/365/365 369/369/369 370/370/370
f 367/367/367 365/365/365 370/370/370
f 371/371/371 365/365/365 366/366/366
f 372/372/372 371/371/371 366/366/366
f 374/374/374 373/373/373 375/375/375
f 376/376/376 374/374/374 375/375/375
f 378/378/378 377/377/377 379/379/379
f 380/380/380 378/378/378 379/379/379
f 382/382/382 381/381/381 378/378/378
f 381/381/381 377/377/377 378/378/378
f 384/384/384 383/383/383 385/385/385
f 386/386/386 384/384/384 385/385/385
f 388/388/388 387/387/387 389/389/389
f 390/390/390 388/388/388 389/389/389
f 388/388/388 391/391/391 392/392/392
f 387/387/387 388/388/388 392/392/392
f 394/394/394 393/393/393 390/390/390
f 395/395/395 394/394/394 390/390/390
f 397/397/397 396/396/396 398/398/398
f 399/399/399 397/397/397 398/398/398
f 399/399/399 398/398/398 400/400/400
f 401/401/401 399/399/399 400/400/400
f 403/403/403 402/402/402 404/404/404
f 405/405/405 403/403/403 404/404/404
f 406/406/406 403/403/403 405/405/405
f 407/407/407 406/406/406 405/405/405
f 408/408/408 403/403/403 406/406/406
f 409/409/409 408/408/408 406/406/406
f 411/411/411 410/410/410 412/412/412
f 413/413/413 411/411/411 412/412/412
f 415/415/415 414/414/414 416/416/416
f 417/417/417 415/415/415 416/416/416
f 418/418/418 417/417/417 416/416/416
f 419/419/419 418/418/418 416/416/416
f 421/421/421 420/420/420 422/422/422
f 423/423/423 421/421/421 422/422/422
f 425/425/425 424/424/424 426/426/426
f 427/427/427 425/425/425 426/426/426
f 429/429/429 428/428/428 430/430/430
f 432/432/432 431/431/431 433/433/433
f 435/435/435 434/434/434 425/425/425
f 434/434/434 424/424/424 425/425/425
f 437/437/437 436/436/436 438/438/438
f 439/439/439 437/437/437 438/438/438
f 440/440/440 436/436/436 437/437/437
f 441/441/441 440/440/440 437/437/437
f 443/443/443 442/442/442 444/444/444
f 438/438/438 443/443/443 444/444/444
f 446/446/446 445/445/445 447/447/447
f 448/448/448 446/446/446 447/447/447
f 450/450/450 449/449/449 451/451/451
f 452/452/452 450/450/450 451/451/451
f 454/454/454 453/453/453 455/455/455
f 456/456/456 454/454/454 455/455/455
f 458/458/458 457/457/457 459/459/459
f 460/460/460 458/458/458 459/459/459
f 462/462/462 461/461/461 463/463/463
f 464/464/464 462/462/462 463/463/463
f 465/465/465 464/464/464 463/463/463
f 466/466/466 465/465/465 463/463/463
f 468/468/468 467/467/467 469/469/469
f 470/470/470 468/468/468 469/469/469
f 472/472/472 471/471/471 473/473/473
f 475/475/475 474/474/474 476/476/476
f 478/478/478 477/477/477 468/468/468
f 477/477/477 467/467/467 468/468/468
f 480/480/480 479/479/479 481/481/481
f 482/482/482 480/480/480 481/481/481
f 484/484/484 483/483/483 485/485/485
f 486/486/486 484/484/484 485/485/485
f 487/487/487 479/479/479 480/480/480
f 488/488/488 487/487/487 480/480/480
f 490/490/490 489/489/489 491/491/491
f 492/492/492 490/490/490 491/491/491
f 494/494/494 493/493/493 495/495/495
f 496/496/496 494/494/494 495/495/495
f 498/498/498 497/497/497 499/499/499
f 500/500/500 498/498/498 499/499/499
f 502/502/502 501/501/501 503/503/503
f 504/504/504 502/502/502 503/503/503
f 505/505/505 502/502/502 506/506/506
f 507/507/507 505/505/505 506/506/506
f 505/505/505 508/508/508 502/502/502
f 508/508/508 501/501/501 502/502/502
f 506/506/506 502/502/502 504/504/504
f 509/509/509 506/506/506 504/504/504
f 511/511/511 510/510/510 512/512/512
f 513/513/513 511/511/511 512/512/512
f 510/510/510 514/514/514 515/515/515
f 516/516/516 510/510/510 515/515/515
f 514/514/514 517/517/517 518/518/518
f 515/515/515 514/514/514 518/518/518
f 510/510/510 516/516/516 519/519/519
f 512/512/512 510/510/510 519/519/519
f 521/521/521 520/520/520 522/522/522
f 523/523/523 521/521/521 522/522/522
f 525/525/525 524/524/524 526/526/526
f 527/527/527 525/525/525 526/526/526
f 521/521/521 524/524/524 520/520/520
f 524/524/524 525/525/525 520/520/520
f 525/525/525 527/527/527 528/528/528
f 529/529/529 525/525/525 528/528/528
f 520/520/520 525/525/525 529/529/529
f 530/530/530 520/520/520 529/529/529
f 520/520/520 530/530/530 531/531/531
f 522/522/522 520/520/520 531/531/531
f 533/533/533 532/532/532 534/534/534
f 535/535/535 533/533/533 534/534/534
f 537/537/537 536/536/536 538/538/538
f 539/539/539 537/537/537 538/538/538
f 536/536/536 533/533/533 540/540/540
f 538/538/538 536/536/536 540/540/540
f 541/541/541 536/536/536 537/537/537
f 542/542/542 541/541/541 537/537/537
f 541/541/541 532/532/532 536/536/536
f 536/536/536 532/532/532 533/533/533
f 540/540/540 533/533/533 535/535/535
f 543/543/543 540/540/540 535/535/535
f 545/545/545 544/544/544 546/546/546
f 547/547/547 545/545/545 546/546/546
f 549/549/549 548/548/548 550/550/550
f 551/551/551 549/549/549 550/550/550
f 545/545/545 552/552/552 553/553/553
f 544/544/544 545/545/545 553/553/553
f 555/555/555 554/554/554 556/556/556
f 557/557/557 555/555/555 556/556/556
f 554/554/554 558/558/558 559/559/559
f 556/556/556 554/554/554 559/559/559
f 561/561/561 560/560/560 562/562/562
f 563/563/563 561/561/561 562/562/562
f 560/560/560 554/554/554 555/555/555
f 562/562/562 560/560/560 555/555/555
f 565/565/565 564/564/564 566/566/566
f 567/567/567 565/565/565 566/566/566
f 569/569/569 568/568/568 570/570/570
f 571/571/571 569/569/569 570/570/570
f 573/573/573 572/572/572 569/569/569
f 572/572/572 568/568/568 569/569/569
f 575/575/575 574/574/574 576/576/576
f 577/577/577 575/575/575 576/576/576
f 579/579/579 578/578/578 580/580/580
f 581/581/581 579/579/579 580/580/580
f 582/582/582 579/579/579 581/581/581
f 583/583/583 582/582/582 581/581/581
f 579/579/579 584/584/584 585/585/585
f 578/578/578 579/579/579 585/585/585
f 587/587/587 586/586/586 588/588/588
f 589/589/589 587/587/587 588/588/588
f 591/591/591 590/590/590 586/586/586
f 587/587/587 591/591/591 586/586/586
f 593/593/593 592/592/592 594/594/594
f 596/596/596 595/595/595 597/597/597
f 594/594/594 598/598/598 599/599/599
f 601/601/601 600/600/600 602/602/602
f 603/603/603 595/595/595 604/604/604
f 606/606/606 605/605/605 607/607/607
f 609/609/609 608/608/608 605/605/605
f 610/610/610 609/609/609 605/605/605
f 612/612/612 611/611/611 613/613/613
f 614/614/614 612/612/612 613/613/613
f 616/616/616 615/615/615 617/617/617
f 618/618/618 616/616/616 617/617/617
f 620/620/620 619/619/619 615/615/615
f 616/616/616 620/620/620 615/615/615
f 620/620/620 621/621/621 622/622/622
f 619/619/619 620/620/620 622/622/622
f 624/624/624 623/623/623 625/625/625
f 626/626/626 624/624/624 625/625/625
f 628/628/628 627/627/627 629/629/629
f 630/630/630 628/628/628 629/629/629
f 627/627/627 631/631/631 632/632/632
f 629/629/629 627/627/627 632/632/632
f 628/628/628 630/630/630 633/633/633
f 634/634/634 628/628/628 633/633/633
f 635/635/635 628/628/628 634/634/634
f 636/636/636 635/635/635 634/634/634
f 637/637/637 635/635/635 636/636/636
f 638/638/638 637/637/637 636/636/636
f 640/640/640 639/639/639 641/641/641
f 642/642/642 640/640/640 641/641/641
f 644/644/644 643/643/643 645/645/645
f 643/643/643 646/646/646 645/645/645
f 646/646/646 643/643/643 640/640/640
f 643/643/643 639/639/639 640/640/640
f 648/648/648 647/647/647 649/649/649
f 650/650/650 648/648/648 649/649/649
f 647/647/647 651/651/651 652/652/652
f 649/649/649 647/647/647 652/652/652
f 651/651/651 653/653/653 654/654/654
f 652/652/652 651/651/651 654/654/654
f 655/655/655 647/647/647 648/648/648
f 656/656/656 655/655/655 648/648/648
f 657/657/657 655/655/655 656/656/656
f 658/658/658 657/657/657 656/656/656
f 660/660/660 659/659/659 661/661/661
f 662/662/662 660/660/660 661/661/661
f 664/664/664 663/663/663 665/665/665
f 666/666/666 664/664/664 665/665/665
f 668/668/668 667/667/667 664/664/664
f 667/667/667 663/663/663 664/664/664
f 669/669/669 667/667/667 670/670/670
f 667/667/667 668/668/668 670/670/670
f 672/672/672 671/671/671 673/673/673
f 674/674/674 672/672/672 673/673/673
f 676/676/676 675/675/675 671/671/671
f 672/672/672 676/676/676 671/671/671
f 675/675/675 677/677/677 678/678/678
f 671/671/671 675/675/675 678/678/678
f 671/671/671 678/678/678 679/679/679
f 673/673/673 671/671/671 679/679/679
f 680/680/680 672/672/672 674/674/674
f 681/681/681 680/680/680 674/674/674
f 682/682/682 676/676/676 672/672/672
f 680/680/680 682/682/682 672/672/672
f 684/684/684 683/683/683 685/685/685
f 686/686/686 684/684/684 685/685/685
f 688/688/688 687/687/687 689/689/689
f 690/690/690 688/688/688 689/689/689
f 688/688/688 690/690/690 691/691/691
f 692/692/692 688/688/688 691/691/691
f 692/692/692 691/691/691 683/683/683
f 684/684/684 692/692/692 683/683/683
f 694/694/694 693/693/693 695/695/695
f 696/696/696 694/694/694 695/695/695
f 698/698/698 697/697/697 693/693/693
f 694/694/694 698/698/698 693/693/693
f 699/699/699 697/697/697 698/698/698
f 700/700/700 699/699/699 698/698/698
f 701/701/701 699/699/699 700/700/700
f 702/702/702 701/701/701 700/700/700
f 697/697/697 703/703/703 704/704/704
f 693/693/693 697/697/697 704/704/704
f 703/703/703 705/705/705 706/706/706
f 704/704/704 703/703/703 706/706/706
f 693/693/693 704/704/704 707/707/707
f 695/695/695 693/693/693 707/707/707
f 704/704/704 706/706/706 708/708/708
f 707/707/707 704/704/704 708/708/708
f 710/710/710 709/709/709 711/711/711
f 712/712/712 710/710/710 711/711/711
f 714/714/714 713/713/713 709/709/709
f 710/710/710 714/714/714 709/709/709
f 716/716/716 715/715/715 717/717/717
f 718/718/718 716/716/716 717/717/717
f 720/720/720 719/719/719 721/721/721
f 722/722/722 720/720/720 721/721/721
f 724/724/724 723/723/723 725/725/725
f 726/726/726 724/724/724 725/725/725
f 727/727/727 726/726/726 725/725/725
f 729/729/729 728/728/728 730/730/730
f 731/731/731 729/729/729 730/730/730
f 733/733/733 732/732/732 734/734/734
f 735/735/735 733/733/733 734/734/734
f 737/737/737 736/736/736 738/738/738
f 736/736/736 732/732/732 738/738/738
f 732/732/732 733/733/733 738/738/738
f 740/740/740 739/739/739 741/741/741
f 742/742/742 740/740/740 741/741/741
f 739/739/739 743/743/743 744/744/744
f 745/745/745 739/739/739 744/744/744
f 746/746/746 739/739/739 740/740/740
f 747/747/747 746/746/746 740/740/740
f 749/749/749 748/748/748 750/750/750
f 751/751/751 749/749/749 750/750/750
f 748/748/748 752/752/752 753/753/753
f 750/750/750 748/748/748 753/753/753
f 749/749/749 751/751/751 754/754/754
f 755/755/755 749/749/749 754/754/754
f 757/757/757 756/756/756 758/758/758
f 759/759/759 757/757/757 758/758/758
f 760/760/760 757/757/757 759/759/759
f 761/761/761 760/760/760 759/759/759
f 763/763/763 762/762/762 764/764/764
f 765/765/765 763/763/763 764/764/764
f 767/767/767 766/766/766 762/762/762
f 763/763/763 767/767/767 762/762/762
f 769/769/769 768/768/768 762/762/762
f 766/766/766 769/769/769 762/762/762
f 762/762/762 768/768/768 770/770/770
f 764/764/764 762/762/762 770/770/770
f 772/772/772 771/771/771 773/773/773
f 774/774/774 772/772/772 773/773/773
f 776/776/776 775/775/775 777/777/777
f 772/772/772 776/776/776 777/777/777
f 777/777/777 778/778/778 772/772/772
f 778/778/778 771/771/771 772/772/772
f 776/776/776 772/772/772 774/774/774
f 779/779/779 776/776/776 774/774/774
f 781/781/781 780/780/780 782/782/782
f 783/783/783 781/781/781 782/782/782
f 780/780/780 784/784/784 785/785/785
f 782/782/782 780/780/780 785/785/785
f 787/787/787 786/786/786 788/788/788
f 789/789/789 787/787/787 788/788/788
f 791/791/791 790/790/790 792/792/792
f 793/793/793 791/791/791 792/792/792
f 791/791/791 794/794/794 795/795/795
f 790/790/790 791/791/791 795/795/795
f 796/796/796 791/791/791 793/793/793
f 797/797/797 796/796/796 793/793/793
f 799/799/799 798/798/798 800/800/800
f 801/801/801 799/799/799 800/800/800
f 803/803/803 802/802/802 804/804/804
f 805/805/805 803/803/803 804/804/804
f 807/807/807 806/806/806 803/803/803
f 806/806/806 802/802/802 803/803/803
f 809/809/809 808/808/808 810/810/810
f 811/811/811 809/809/809 810/810/810
f 813/813/813 812/812/812 814/814/814
f 815/815/815 813/813/813 814/814/814
f 817/817/817 816/816/816 812/812/812
f 813/813/813 817/817/817 812/812/812
f 819/819/819 818/818/818 820/820/820
f 821/821/821 819/819/819 820/820/820
f 819/819/819 822/822/822 823/823/823
f 818/818/818 819/819/819 823/823/823
f 825/825/825 824/824/824 821/821/821
f 826/826/826 825/825/825 821/821/821
f 828/828/828 827/827/827 829/829/829
f 830/830/830 828/828/828 829/829/829
f 827/827/827 831/831/831 832/832/832
f 833/833/833 827/827/827 832/832/832
f 829/829/829 827/827/827 833/833/833
f 834/834/834 829/829/829 833/833/833
f 836/836/836 835/835/835 837/837/837
f 838/838/838 836/836/836 837/837/837
f 840/840/840 839/839/839 841/841/841
f 842/842/842 840/840/840 841/841/841
f 843/843/843 842/842/842 841/841/841
f 844/844/844 843/843/843 841/841/841
f 835/835/835 839/839/839 845/845/845
f 837/837/837 835/835/835 845/845/845
f 847/847/847 846/846/846 848/848/848
f 849/849/849 847/847/847 848/848/848
f 850/850/850 847/847/847 849/849/849
f 851/851/851 850/850/850 849/849/849
f 853/853/853 852/852/852 847/847/847
f 852/852/852 846/846/846 847/847/847
f 850/850/850 854/854/854 853/853/853
f 847/847/847 850/850/850 853/853/853
f 856/856/856 855/855/855 857/857/857
f 858/858/858 856/856/856 857/857/857
f 856/856/856 859/859/859 860/860/860
f 855/855/855 856/856/856 860/860/860
f 862/862/862 861/861/861 863/863/863
f 864/864/864 862/862/862 863/863/863
f 866/866/866 865/865/865 867/867/867
f 868/868/868 866/866/866 867/867/867
f 865/865/865 869/869/869 870/870/870
f 867/867/867 865/865/865 870/870/870
f 872/872/872 871/871/871 873/873/873
f 874/874/874 872/872/872 873/873/873
f 875/875/875 871/871/871 872/872/872
f 876/876/876 875/875/875 872/872/872
f 878/878/878 877/877/877 879/879/879
f 880/880/880 878/878/878 879/879/879
f 882/882/882 881/881/881 883/883/883
f 884/884/884 882/882/882 883/883/883
f 885/885/885 882/882/882 884/884/884
f 886/886/886 885/885/885 884/884/884
f 888/888/888 887/887/887 889/889/889
f 890/890/890 888/888/888 889/889/889
f 891/891/891 888/888/888 890/890/890
f 892/892/892 891/891/891 890/890/890
f 894/894/894 893/893/893 895/895/895
f 896/896/896 894/894/894 895/895/895
f 893/893/893 897/897/897 898/898/898
f 895/895/895 893/893/893 898/898/898
f 900/900/900 899/899/899 901/901/901
f 902/902/902 900/900/900 901/901/901
f 899/899/899 903/903/903 904/904/904
f 901/901/901 899/899/899 904/904/904
f 906/906/906 905/905/905 907/907/907
f 908/908/908 906/906/906 907/907/907
f 909/909/909 906/906/906 908/908/908
f 910/910/910 909/909/909 908/908/908
f 907/907/907 905/905/905 911/911/911
f 912/912/912 907/907/907 911/911/911
f 905/905/905 913/913/913 914/914/914
f 911/911/911 905/905/905 914/914/914
f 916/916/916 915/915/915 917/917/917
f 918/918/918 916/916/916 917/917/917
f 915/915/915 919/919/919 920/920/920
f 917/917/917 915/915/915 920/920/920
f 922/922/922 921/921/921 923/923/923
f 924/924/924 922/922/922 923/923/923
f 926/926/926 925/925/925 927/927/927
f 928/928/928 926/926/926 927/927/927
f 930/930/930 929/929/929 925/925/925
f 926/926/926 930/930/930 925/925/925
f 932/932/932 931/931/931 933/933/933
f 934/934/934 932/932/932 933/933/933
f 936/936/936 935/935/935 937/937/937
f 938/938/938 936/936/936 937/937/937
f 939/939/939 936/936/936 938/938/938
f 940/940/940 939/939/939 938/938/938
f 936/936/936 941/941/941 942/942/942
f 935/935/935 936/936/936 942/942/942
f 944/944/944 943/943/943 945/945/945
f 946/946/946 944/944/944 945/945/945
f 948/948/948 947/947/947 944/944/944
f 947/947/947 943/943/943 944/944/944
f 950/950/950 949/949/949 951/951/951
f 952/952/952 950/950/950 951/951/951
f 954/954/954 953/953/953 955/955/955
f 956/956/956 954/954/954 955/955/955
f 957/957/957 953/953/953 954/954/954
f 958/958/958 957/957/957 954/954/954
f 960/960/960 959/959/959 961/961/961
f 962/962/962 960/960/960 961/961/961
f 959/959/959 963/963/963 964/964/964
f 961/961/961 959/959/959 964/964/964
f 966/966/966 965/965/965 963/963/963
f 966/966/966 963/963/963 959/959/959
f 965/965/965 966/966/966 967/967/967
f 968/968/968 965/965/965 967/967/967
f 966/966/966 959/959/959 960/960/960
f 969/969/969 966/966/966 960/960/960
f 970/970/970 966/966/966 969/969/969
f 971/971/971 970/970/970 969/969/969
f 973/973/973 972/972/972 974/974/974
f 975/975/975 973/973/973 974/974/974
f 972/972/972 976/976/976 977/977/977
f 978/978/978 972/972/972 977/977/977
f 973/973/973 979/979/979 972/972/972
f 979/979/979 976/976/976 972/972/972
f 972/972/972 978/978/978 980/980/980
f 974/974/974 972/972/972 980/980/980
f 982/982/982 981/981/981 983/983/983
f 984/984/984 982/982/982 983/983/983
f 985/985/985 981/981/981 982/982/982
f 986/986/986 985/985/985 982/982/982
f 988/988/988 987/987/987 989/989/989
f 990/990/990 988/988/988 989/989/989
f 987/987/987 988/988/988 981/981/981
f 985/985/985 987/987/987 981/981/981
f 981/981/981 988/988/988 991/991/991
f 983/983/983 981/981/981 991/991/991
f 988/988/988 990/990/990 992/992/992
f 991/991/991 988/988/988 992/992/992
f 994/994/994 993/993/993 995/995/995
f 996/996/996 994/994/994 995/995/995
f 997/997/997 994/994/994 996/996/996
f 998/998/998 997/997/997 996/996/996
f 999/999/999 997/997/997 998/998/998
f 1000/1000/1000 999/999/999 998/998/998
f 994/994/994 1001/1001/1001 1002/1002/1002
f 993/993/993 994/994/994 1002/1002/1002
f 1004/1004/1004 1003/1003/1003 1005/1005/1005
f 1006/1006/1006 1004/1004/1004 1005/1005/1005
f 1003/1003/1003 1007/1007/1007 1008/1008/1008
f 1005/1005/1005 1003/1003/1003 1008/1008/1008
f 1003/1003/1003 1009/1009/1009 1010/1010/1010
f 1007/1007/1007 1003/1003/1003 1010/1010/1010
f 1009/1009/1009 1011/1011/1011 1012/1012/1012
f 1010/1010/1010 1009/1009/1009 1012/1012/1012
f 1014/1014/1014 1013/1013/1013 1015/1015/1015
f 1016/1016/1016 1014/1014/1014 1015/1015/1015
f 1018/1018/1018 1017/1017/1017 1019/1019/1019
f 1020/1020/1020 1018/1018/1018 1019/1019/1019
f 1019/1019/1019 1021/1021/1021 1020/1020/1020
f 1021/1021/1021 1013/1013/1013 1020/1020/1020
f 1023/1023/1023 1022/1022/1022 1017/1017/1017
f 1018/1018/1018 1023/1023/1023 1017/1017/1017
f 1024/1024/1024 1014/1014/1014 1016/1016/1016
f 1025/1025/1025 1024/1024/1024 1016/1016/1016
f 1023/1023/1023 1024/1024/1024 1025/1025/1025
f 1026/1026/1026 1023/1023/1023 1025/1025/1025
f 1028/1028/1028 1027/1027/1027 1029/1029/1029
f 1030/1030/1030 1028/1028/1028 1029/1029/1029
f 1032/1032/1032 1031/1031/1031 1033/1033/1033
f 1034/1034/1034 1032/1032/1032 1033/1033/1033
f 1027/1027/1027 1032/1032/1032 1034/1034/1034
f 1029/1029/1029 1027/1027/1027 1034/1034/1034
f 1036/1036/1036 1035/1035/1035 1027/1027/1027
f 1028/1028/1028 1036/1036/1036 1027/1027/1027
f 1037/1037/1037 1032/1032/1032 1027/1027/1027
f 1035/1035/1035 1037/1037/1037 1027/1027/1027
f 1038/1038/1038 1031/1031/1031 1032/1032/1032
f 1037/1037/1037 1038/1038/1038 1032/1032/1032
f 1040/1040/1040 1039/1039/1039 1041/1041/1041
f 1042/1042/1042 1040/1040/1040 1041/1041/1041
f 1039/1039/1039 1043/1043/1043 1044/1044/1044
f 1045/1045/1045 1039/1039/1039 1044/1044/1044
f 1039/1039/1039 1045/1045/1045 1046/1046/1046
f 1041/1041/1041 1039/1039/1039 1046/1046/1046
f 1048/1048/1048 1047/1047/1047 1049/1049/1049
f 1050/1050/1050 1048/1048/1048 1049/1049/1049
f 1052/1052/1052 1051/1051/1051 1053/1053/1053
f 1054/1054/1054 1052/1052/1052 1053/1053/1053
f 1047/1047/1047 1052/1052/1052 1054/1054/1054
f 1049/1049/1049 1047/1047/1047 1054/1054/1054
f 1056/1056/1056 1055/1055/1055 1057/1057/1057
f 1058/1058/1058 1056/1056/1056 1057/1057/1057
f 1059/1059/1059 1056/1056/1056 1058/1058/1058
f 1060/1060/1060 1059/1059/1059 1058/1058/1058
f 1061/1061/1061 1059/1059/1059 1060/1060/1060
f 1062/1062/1062 1061/1061/1061 1060/1060/1060
f 1064/1064/1064 1063/1063/1063 1065/1065/1065
f 1066/1066/1066 1064/1064/1064 1065/1065/1065
f 1068/1068/1068 1067/1067/1067 1069/1069/1069
f 1070/1070/1070 1068/1068/1068 1069/1069/1069
f 1071/1071/1071 1063/1063/1063 1064/1064/1064
f 1072/1072/1072 1071/1071/1071 1064/1064/1064
f 1074/1074/1074 1073/1073/1073 1075/1075/1075
f 1076/1076/1076 1074/1074/1074 1075/1075/1075
f 1078/1078/1078 1077/1077/1077 1079/1079/1079
f 1080/1080/1080 1078/1078/1078 1079/1079/1079
f 1082/1082/1082 1081/1081/1081 1083/1083/1083
f 1081/1081/1081 1084/1084/1084 1083/1083/1083
f 1086/1086/1086 1085/1085/1085 1087/1087/1087
f 1088/1088/1088 1086/1086/1086 1087/1087/1087
f 1090/1090/1090 1089/1089/1089 1091/1091/1091
f 1092/1092/1092 1090/1090/1090 1091/1091/1091
f 1094/1094/1094 1093/1093/1093 1089/1089/1089
f 1090/1090/1090 1094/1094/1094 1089/1089/1089
f 1096/1096/1096 1095/1095/1095 1097/1097/1097
f 1098/1098/1098 1096/1096/1096 1097/1097/1097
f 1099/1099/1099 1095/1095/1095 1096/1096/1096
f 1100/1100/1100 1099/1099/1099 1096/1096/1096
f 1095/1095/1095 1101/1101/1101 1102/1102/1102
f 1097/1097/1097 1095/1095/1095 1102/1102/1102
f 1104/1104/1104 1103/1103/1103 1105/1105/1105
f 1106/1106/1106 1104/1104/1104 1105/1105/1105
f 1108/1108/1108 1107/1107/1107 1109/1109/1109
f 1110/1110/1110 1108/1108/1108 1109/1109/1109
f 1104/1104/1104 1111/1111/1111 1112/1112/1112
f 1103/1103/1103 1104/1104/1104 1112/1112/1112
f 1114/1114/1114 1113/1113/1113 1115/1115/1115
f 1116/1116/1116 1114/1114/1114 1115/1115/1115
f 1113/1113/1113 1117/1117/1117 1118/1118/1118
f 1115/1115/1115 1113/1113/1113 1118/1118/1118
f 1114/1114/1114 1119/1119/1119 1120/1120/1120
f 1113/1113/1113 1114/1114/1114 1120/1120/1120
f 1120/1120/1120 1121/1121/1121 1122/1122/1122
f 1113/1113/1113 1120/1120/1120 1122/1122/1122
f 1124/1124/1124 1123/1123/1123 1125/1125/1125
f 1126/1126/1126 1124/1124/1124 1125/1125/1125
f 1127/1127/1127 1124/1124/1124 1126/1126/1126
f 1128/1128/1128 1127/1127/1127 1126/1126/1126
f 1129/1129/1129 1123/1123/1123 1124/1124/1124
f 1130/1130/1130 1129/1129/1129 1124/1124/1124
f 1131/1131/1131 1130/1130/1130 1127/1127/1127
f 1130/1130/1130 1124/1124/1124 1127/1127/1127
f 1133/1133/1133 1132/1132/1132 1134/1134/1134
f 1135/1135/1135 1133/1133/1133 1134/1134/1134
f 1136/1136/1136 1133/1133/1133 1135/1135/1135
f 1137/1137/1137 1136/1136/1136 1135/1135/1135
f 1139/1139/1139 1138/1138/1138 1140/1140/1140
f 1141/1141/1141 1139/1139/1139 1140/1140/1140
f 1139/1139/1139 1141/1141/1141 1142/1142/1142
f 1143/1143/1143 1139/1139/1139 1142/1142/1142
f 1144/1144/1144 1139/1139/1139 1145/1145/1145
f 1146/1146/1146 1144/1144/1144 1145/1145/1145
f 1148/1148/1148 1147/1147/1147 1149/1149/1149
f 1150/1150/1150 1148/1148/1148 1149/1149/1149
f 1151/1151/1151 1148/1148/1148 1150/1150/1150
f 1152/1152/1152 1151/1151/1151 1150/1150/1150
f 1154/1154/1154 1153/1153/1153 1153/1153/1153
f 1156/1156/1156 1155/1155/1155 1157/1157/1157
f 1158/1158/1158 1157/1157/1157 1155/1155/1155
f 1159/1159/1159 1158/1158/1158 1155/1155/1155
f 1160/1160/1160 1156/1156/1156 1157/1157/1157
f 1114/1114/1114 1161/1161/1161 1162/1162/1162
f 1157/1157/1157 1163/1163/1163 1164/1164/1164
f 1165/1165/1165 1153/1153/1153 1166/1166/1166
f 1168/1168/1168 1167/1167/1167 1169/1169/1169
f 1170/1170/1170 1168/1168/1168 1169/1169/1169
f 1167/1167/1167 1171/1171/1171 1172/1172/1172
f 1169/1169/1169 1167/1167/1167 1172/1172/1172
f 1174/1174/1174 1173/1173/1173 1175/1175/1175
f 1176/1176/1176 1174/1174/1174 1175/1175/1175
f 1178/1178/1178 1177/1177/1177 1173/1173/1173
f 1178/1178/1178 1173/1173/1173 1174/1174/1174
f 1179/1179/1179 1177/1177/1177 1178/1178/1178
f 1179/1179/1179 1178/1178/1178 1180/1180/1180
f 1182/1182/1182 1181/1181/1181 1183/1183/1183
f 1184/1184/1184 1182/1182/1182 1183/1183/1183
f 1182/1182/1182 1184/1184/1184 1185/1185/1185
f 1186/1186/1186 1182/1182/1182 1185/1185/1185
f 1188/1188/1188 1187/1187/1187 1189/1189/1189
f 1190/1190/1190 1188/1188/1188 1189/1189/1189
f 1192/1192/1192 1191/1191/1191 1193/1193/1193
f 1194/1194/1194 1191/1191/1191 1192/1192/1192
f 1191/1191/1191 1195/1195/1195 1196/1196/1196
f 1194/1194/1194 1195/1195/1195 1191/1191/1191
